Timestamp,Event,Object_ID
2026-03-25 11:40:57.601,Manual_Test,Keyboard_Input
2026-03-25 11:41:02.956,Manual_Test,Keyboard_Input
2026-03-25 11:41:03.219,Manual_Test,Keyboard_Input
2026-03-25 11:55:02.237,Manual_Test,Keyboard_Input
2026-03-25 11:55:28.249,Target_Collected,Red_Berry
2026-03-25 11:57:23.229,Target_Collected,Red_Berry
2026-03-25 11:59:07.288,Target_Collected,Red_Berry
2026-03-25 12:03:38.236,Target_Collected,Red_Berry
2026-03-25 13:20:13.045,Object_Spawned,ColorT:0.00|Height:1.22|Smooth:0.63
2026-03-25 13:20:13.049,Object_Spawned,ColorT:0.38|Height:2.34|Smooth:0.50
2026-03-25 13:20:13.049,Object_Spawned,ColorT:0.14|Height:0.99|Smooth:0.42
2026-03-25 13:20:13.050,Object_Spawned,ColorT:0.21|Height:0.96|Smooth:0.82
2026-03-25 13:20:13.050,Object_Spawned,ColorT:0.74|Height:1.10|Smooth:0.77
2026-03-25 13:20:13.050,Object_Spawned,ColorT:0.53|Height:0.73|Smooth:0.28
2026-03-25 13:20:13.050,Object_Spawned,ColorT:0.88|Height:0.84|Smooth:0.22
2026-03-25 13:20:13.050,Object_Spawned,ColorT:0.69|Height:0.95|Smooth:0.78
2026-03-25 13:20:13.050,Object_Spawned,ColorT:0.31|Height:2.25|Smooth:0.47
2026-03-25 13:20:13.050,Object_Spawned,ColorT:0.29|Height:2.37|Smooth:0.52
2026-03-25 13:20:13.050,Object_Spawned,ColorT:0.60|Height:1.30|Smooth:0.76
2026-03-25 13:20:13.050,Object_Spawned,ColorT:0.71|Height:1.98|Smooth:0.13
2026-03-25 13:20:13.050,Object_Spawned,ColorT:0.54|Height:2.19|Smooth:0.37
2026-03-25 13:20:13.050,Object_Spawned,ColorT:0.36|Height:2.48|Smooth:0.97
2026-03-25 13:20:13.050,Object_Spawned,ColorT:0.09|Height:2.27|Smooth:0.30
2026-03-25 13:20:13.051,Object_Spawned,ColorT:0.54|Height:0.85|Smooth:0.36
2026-03-25 13:20:13.051,Object_Spawned,ColorT:0.61|Height:1.09|Smooth:0.70
2026-03-25 13:20:13.051,Object_Spawned,ColorT:0.61|Height:0.63|Smooth:0.94
2026-03-25 13:20:13.051,Object_Spawned,ColorT:0.92|Height:0.80|Smooth:0.67
2026-03-25 13:20:13.051,Object_Spawned,ColorT:0.80|Height:1.26|Smooth:0.03
2026-03-25 13:20:13.051,Object_Spawned,ColorT:0.90|Height:2.05|Smooth:0.54
2026-03-25 13:20:13.051,Object_Spawned,ColorT:0.82|Height:1.26|Smooth:0.75
2026-03-25 13:20:13.051,Object_Spawned,ColorT:0.41|Height:2.21|Smooth:0.67
2026-03-25 13:20:13.051,Object_Spawned,ColorT:0.63|Height:0.81|Smooth:0.05
2026-03-25 13:20:13.051,Object_Spawned,ColorT:0.37|Height:1.82|Smooth:0.02
2026-03-25 13:20:13.051,Object_Spawned,ColorT:0.64|Height:2.44|Smooth:0.97
2026-03-25 13:20:13.051,Object_Spawned,ColorT:0.74|Height:1.28|Smooth:0.86
2026-03-25 13:20:13.052,Object_Spawned,ColorT:0.23|Height:1.53|Smooth:0.92
2026-03-25 13:20:13.052,Object_Spawned,ColorT:0.42|Height:1.96|Smooth:0.45
2026-03-25 13:20:13.052,Object_Spawned,ColorT:0.45|Height:1.45|Smooth:0.50
2026-03-25 13:20:13.052,Object_Spawned,ColorT:0.40|Height:2.03|Smooth:0.94
2026-03-25 13:20:13.052,Object_Spawned,ColorT:0.50|Height:1.85|Smooth:0.02
2026-03-25 13:20:13.052,Object_Spawned,ColorT:0.47|Height:1.25|Smooth:0.60
2026-03-25 13:20:13.052,Object_Spawned,ColorT:0.09|Height:1.99|Smooth:0.40
2026-03-25 13:20:13.052,Object_Spawned,ColorT:0.96|Height:0.96|Smooth:0.65
2026-03-25 13:20:13.052,Object_Spawned,ColorT:0.03|Height:1.09|Smooth:0.86
2026-03-25 13:20:13.052,Object_Spawned,ColorT:0.58|Height:1.12|Smooth:0.88
2026-03-25 13:20:13.052,Object_Spawned,ColorT:0.58|Height:2.28|Smooth:0.64
2026-03-25 13:20:13.052,Object_Spawned,ColorT:0.19|Height:1.16|Smooth:0.27
2026-03-25 13:20:13.052,Object_Spawned,ColorT:0.93|Height:2.46|Smooth:0.03
2026-03-25 13:20:13.053,Object_Spawned,ColorT:0.92|Height:0.92|Smooth:0.48
2026-03-25 13:20:13.053,Object_Spawned,ColorT:0.54|Height:2.13|Smooth:0.42
2026-03-25 13:20:13.053,Object_Spawned,ColorT:0.57|Height:1.19|Smooth:0.74
2026-03-25 13:20:13.053,Object_Spawned,ColorT:0.15|Height:1.03|Smooth:0.25
2026-03-25 13:20:13.053,Object_Spawned,ColorT:0.92|Height:1.44|Smooth:0.18
2026-03-25 13:20:13.053,Object_Spawned,ColorT:0.65|Height:0.80|Smooth:0.29
2026-03-25 13:20:13.053,Object_Spawned,ColorT:0.42|Height:0.69|Smooth:0.98
2026-03-25 13:20:13.053,Object_Spawned,ColorT:0.04|Height:1.58|Smooth:0.05
2026-03-25 13:20:13.053,Object_Spawned,ColorT:0.18|Height:0.84|Smooth:0.35
2026-03-25 13:20:13.053,Object_Spawned,ColorT:0.04|Height:0.77|Smooth:0.27
2026-03-25 13:20:18.874,Target_Collected,ColorT:0.36|Height:2.48|Smooth:0.97
2026-03-25 13:20:19.673,Target_Collected,ColorT:0.93|Height:2.46|Smooth:0.03
2026-03-25 13:20:20.593,Target_Collected,ColorT:0.04|Height:0.77|Smooth:0.27
2026-03-25 13:20:22.853,Target_Collected,ColorT:0.63|Height:0.81|Smooth:0.05
2026-03-25 13:20:23.593,Target_Collected,ColorT:0.54|Height:2.13|Smooth:0.42
2026-03-25 13:20:25.554,Target_Collected,ColorT:0.92|Height:1.44|Smooth:0.18
2026-03-25 13:20:28.933,Target_Collected,ColorT:0.58|Height:2.28|Smooth:0.64
2026-03-25 13:20:29.773,Target_Collected,ColorT:0.69|Height:0.95|Smooth:0.78
2026-03-25 13:20:30.073,Target_Collected,ColorT:0.74|Height:1.28|Smooth:0.86
2026-03-25 13:21:39.976,Object_Spawned,ColorT:0.20|Height:0.79|Smooth:0.81
2026-03-25 13:21:39.981,Object_Spawned,ColorT:0.02|Height:1.88|Smooth:0.79
2026-03-25 13:21:39.981,Object_Spawned,ColorT:0.91|Height:1.77|Smooth:0.08
2026-03-25 13:21:39.981,Object_Spawned,ColorT:0.64|Height:0.98|Smooth:0.61
2026-03-25 13:21:39.981,Object_Spawned,ColorT:0.58|Height:0.64|Smooth:0.56
2026-03-25 13:21:39.981,Object_Spawned,ColorT:0.64|Height:1.33|Smooth:0.57
2026-03-25 13:21:39.981,Object_Spawned,ColorT:0.58|Height:1.43|Smooth:0.84
2026-03-25 13:21:39.981,Object_Spawned,ColorT:0.41|Height:1.73|Smooth:0.88
2026-03-25 13:21:39.981,Object_Spawned,ColorT:0.61|Height:1.98|Smooth:0.26
2026-03-25 13:21:39.981,Object_Spawned,ColorT:0.64|Height:0.88|Smooth:0.01
2026-03-25 13:21:39.982,Object_Spawned,ColorT:0.93|Height:1.78|Smooth:0.18
2026-03-25 13:21:39.982,Object_Spawned,ColorT:0.15|Height:1.57|Smooth:0.26
2026-03-25 13:21:39.982,Object_Spawned,ColorT:0.75|Height:0.59|Smooth:0.57
2026-03-25 13:21:39.982,Object_Spawned,ColorT:0.71|Height:2.18|Smooth:0.07
2026-03-25 13:21:39.982,Object_Spawned,ColorT:0.69|Height:1.74|Smooth:0.88
2026-03-25 13:21:39.982,Object_Spawned,ColorT:0.65|Height:2.43|Smooth:0.28
2026-03-25 13:21:39.982,Object_Spawned,ColorT:0.33|Height:0.56|Smooth:0.95
2026-03-25 13:21:39.982,Object_Spawned,ColorT:0.80|Height:1.60|Smooth:0.73
2026-03-25 13:21:39.982,Object_Spawned,ColorT:0.96|Height:1.00|Smooth:0.70
2026-03-25 13:21:39.982,Object_Spawned,ColorT:0.16|Height:0.74|Smooth:0.64
2026-03-25 13:21:39.982,Object_Spawned,ColorT:0.25|Height:1.75|Smooth:0.51
2026-03-25 13:21:39.982,Object_Spawned,ColorT:0.38|Height:1.14|Smooth:0.59
2026-03-25 13:21:39.983,Object_Spawned,ColorT:0.58|Height:0.66|Smooth:0.67
2026-03-25 13:21:39.983,Object_Spawned,ColorT:0.59|Height:2.27|Smooth:0.74
2026-03-25 13:21:39.983,Object_Spawned,ColorT:0.95|Height:1.15|Smooth:0.93
2026-03-25 13:21:39.983,Object_Spawned,ColorT:0.19|Height:2.50|Smooth:0.62
2026-03-25 13:21:39.983,Object_Spawned,ColorT:0.60|Height:0.85|Smooth:0.13
2026-03-25 13:21:39.983,Object_Spawned,ColorT:0.49|Height:0.83|Smooth:0.57
2026-03-25 13:21:39.983,Object_Spawned,ColorT:0.23|Height:2.08|Smooth:0.78
2026-03-25 13:21:39.983,Object_Spawned,ColorT:0.59|Height:1.78|Smooth:0.34
2026-03-25 13:21:39.983,Object_Spawned,ColorT:0.97|Height:1.23|Smooth:0.11
2026-03-25 13:21:39.983,Object_Spawned,ColorT:0.19|Height:2.42|Smooth:0.19
2026-03-25 13:21:39.983,Object_Spawned,ColorT:0.95|Height:1.56|Smooth:0.50
2026-03-25 13:21:39.983,Object_Spawned,ColorT:0.99|Height:1.49|Smooth:0.41
2026-03-25 13:21:39.983,Object_Spawned,ColorT:0.05|Height:2.01|Smooth:0.12
2026-03-25 13:21:39.984,Object_Spawned,ColorT:0.53|Height:1.57|Smooth:0.81
2026-03-25 13:21:39.984,Object_Spawned,ColorT:0.89|Height:0.87|Smooth:0.98
2026-03-25 13:21:39.984,Object_Spawned,ColorT:0.26|Height:2.01|Smooth:0.36
2026-03-25 13:21:39.984,Object_Spawned,ColorT:0.91|Height:1.10|Smooth:0.41
2026-03-25 13:21:39.984,Object_Spawned,ColorT:0.55|Height:2.23|Smooth:0.42
2026-03-25 13:21:39.984,Object_Spawned,ColorT:0.98|Height:1.96|Smooth:0.59
2026-03-25 13:21:39.984,Object_Spawned,ColorT:1.00|Height:2.19|Smooth:0.06
2026-03-25 13:21:39.984,Object_Spawned,ColorT:0.42|Height:1.99|Smooth:0.23
2026-03-25 13:21:39.984,Object_Spawned,ColorT:0.75|Height:1.42|Smooth:0.65
2026-03-25 13:21:39.984,Object_Spawned,ColorT:0.37|Height:1.89|Smooth:0.77
2026-03-25 13:21:39.984,Object_Spawned,ColorT:0.47|Height:0.69|Smooth:0.33
2026-03-25 13:21:39.984,Object_Spawned,ColorT:0.27|Height:1.65|Smooth:0.03
2026-03-25 13:21:39.984,Object_Spawned,ColorT:0.57|Height:2.29|Smooth:0.00
2026-03-25 13:21:39.985,Object_Spawned,ColorT:0.09|Height:1.11|Smooth:0.98
2026-03-25 13:21:39.985,Object_Spawned,ColorT:0.34|Height:2.43|Smooth:0.52
2026-03-25 13:21:43.350,Target_Collected,ColorT:1.00|Height:2.19|Smooth:0.06
2026-03-25 13:21:43.830,Target_Collected,ColorT:0.05|Height:2.01|Smooth:0.12
2026-03-25 13:21:45.330,Target_Collected,ColorT:0.64|Height:0.98|Smooth:0.61
2026-03-25 13:21:45.830,Target_Collected,ColorT:0.57|Height:2.29|Smooth:0.00
2026-03-25 13:21:46.770,Target_Collected,ColorT:0.49|Height:0.83|Smooth:0.57
2026-03-25 13:21:49.490,Target_Collected,Red_Berry
2026-03-25 13:21:51.011,Target_Collected,ColorT:0.80|Height:1.60|Smooth:0.73
2026-03-25 13:25:23.595,Object_Spawned,T:0.65|H:1.80|W:0.96|Col:FFFFFF
2026-03-25 13:25:23.602,Object_Spawned,T:0.11|H:0.72|W:1.82|Col:FFFFFF
2026-03-25 13:25:23.603,Object_Spawned,T:0.79|H:2.08|W:0.74|Col:FFFFFF
2026-03-25 13:25:23.603,Object_Spawned,T:0.88|H:2.27|W:0.59|Col:FFFFFF
2026-03-25 13:25:23.603,Object_Spawned,T:0.84|H:2.18|W:0.65|Col:FFFFFF
2026-03-25 13:25:23.603,Object_Spawned,T:0.81|H:2.12|W:0.71|Col:FFFFFF
2026-03-25 13:25:23.603,Object_Spawned,T:0.22|H:0.94|W:1.65|Col:FFFFFF
2026-03-25 13:25:23.603,Object_Spawned,T:0.73|H:1.96|W:0.83|Col:FFFFFF
2026-03-25 13:25:23.603,Object_Spawned,T:0.70|H:1.90|W:0.88|Col:FFFFFF
2026-03-25 13:25:23.604,Object_Spawned,T:0.56|H:1.62|W:1.11|Col:FFFFFF
2026-03-25 13:25:23.604,Object_Spawned,T:0.85|H:2.20|W:0.64|Col:FFFFFF
2026-03-25 13:25:23.604,Object_Spawned,T:0.48|H:1.47|W:1.23|Col:FFFFFF
2026-03-25 13:25:23.604,Object_Spawned,T:0.64|H:1.79|W:0.97|Col:FFFFFF
2026-03-25 13:25:23.604,Object_Spawned,T:0.20|H:0.89|W:1.69|Col:FFFFFF
2026-03-25 13:25:23.604,Object_Spawned,T:0.79|H:2.08|W:0.74|Col:FFFFFF
2026-03-25 13:25:23.604,Object_Spawned,T:0.90|H:2.30|W:0.56|Col:FFFFFF
2026-03-25 13:25:23.604,Object_Spawned,T:0.11|H:0.71|W:1.83|Col:FFFFFF
2026-03-25 13:25:23.604,Object_Spawned,T:0.74|H:1.98|W:0.82|Col:FFFFFF
2026-03-25 13:25:23.605,Object_Spawned,T:0.21|H:0.93|W:1.66|Col:FFFFFF
2026-03-25 13:25:23.605,Object_Spawned,T:0.22|H:0.94|W:1.65|Col:FFFFFF
2026-03-25 13:25:23.605,Object_Spawned,T:0.92|H:2.34|W:0.53|Col:FFFFFF
2026-03-25 13:25:23.605,Object_Spawned,T:0.94|H:2.38|W:0.50|Col:FFFFFF
2026-03-25 13:25:23.605,Object_Spawned,T:0.23|H:0.96|W:1.63|Col:FFFFFF
2026-03-25 13:25:23.605,Object_Spawned,T:0.58|H:1.66|W:1.07|Col:FFFFFF
2026-03-25 13:25:23.605,Object_Spawned,T:0.25|H:1.01|W:1.60|Col:FFFFFF
2026-03-25 13:25:23.605,Object_Spawned,T:0.18|H:0.86|W:1.71|Col:FFFFFF
2026-03-25 13:25:23.605,Object_Spawned,T:0.97|H:2.44|W:0.45|Col:FFFFFF
2026-03-25 13:25:23.606,Object_Spawned,T:0.31|H:1.12|W:1.51|Col:FFFFFF
2026-03-25 13:25:23.606,Object_Spawned,T:0.07|H:0.64|W:1.88|Col:FFFFFF
2026-03-25 13:25:23.606,Object_Spawned,T:0.60|H:1.70|W:1.04|Col:FFFFFF
2026-03-25 13:25:23.606,Object_Spawned,T:0.81|H:2.12|W:0.70|Col:FFFFFF
2026-03-25 13:25:23.606,Object_Spawned,T:0.64|H:1.79|W:0.97|Col:FFFFFF
2026-03-25 13:25:23.606,Object_Spawned,T:0.02|H:0.55|W:1.96|Col:FFFFFF
2026-03-25 13:25:23.606,Object_Spawned,T:0.74|H:1.97|W:0.82|Col:FFFFFF
2026-03-25 13:25:23.606,Object_Spawned,T:0.96|H:2.43|W:0.46|Col:FFFFFF
2026-03-25 13:25:23.606,Object_Spawned,T:0.22|H:0.93|W:1.66|Col:FFFFFF
2026-03-25 13:25:23.606,Object_Spawned,T:0.74|H:1.98|W:0.82|Col:FFFFFF
2026-03-25 13:25:23.607,Object_Spawned,T:0.99|H:2.48|W:0.41|Col:FFFFFF
2026-03-25 13:25:23.607,Object_Spawned,T:0.32|H:1.13|W:1.49|Col:FFFFFF
2026-03-25 13:25:23.607,Object_Spawned,T:0.43|H:1.35|W:1.32|Col:FFFFFF
2026-03-25 13:25:23.607,Object_Spawned,T:0.24|H:0.97|W:1.62|Col:FFFFFF
2026-03-25 13:25:23.607,Object_Spawned,T:0.07|H:0.64|W:1.89|Col:FFFFFF
2026-03-25 13:25:23.607,Object_Spawned,T:0.28|H:1.06|W:1.55|Col:FFFFFF
2026-03-25 13:25:23.607,Object_Spawned,T:0.20|H:0.90|W:1.68|Col:FFFFFF
2026-03-25 13:25:23.607,Object_Spawned,T:0.13|H:0.77|W:1.79|Col:FFFFFF
2026-03-25 13:25:23.607,Object_Spawned,T:1.00|H:2.49|W:0.41|Col:FFFFFF
2026-03-25 13:25:23.608,Object_Spawned,T:0.85|H:2.21|W:0.63|Col:FFFFFF
2026-03-25 13:25:23.608,Object_Spawned,T:0.35|H:1.19|W:1.45|Col:FFFFFF
2026-03-25 13:25:23.608,Object_Spawned,T:0.07|H:0.64|W:1.88|Col:FFFFFF
2026-03-25 13:25:23.608,Object_Spawned,T:0.30|H:1.10|W:1.52|Col:FFFFFF
2026-03-25 13:25:58.171,Object_Spawned,T:0.39|H:1.28|W:1.38|Col:FFFFFF
2026-03-25 13:25:58.175,Object_Spawned,T:0.66|H:1.83|W:0.94|Col:FFFFFF
2026-03-25 13:25:58.176,Object_Spawned,T:0.71|H:1.92|W:0.86|Col:FFFFFF
2026-03-25 13:25:58.176,Object_Spawned,T:0.03|H:0.56|W:1.95|Col:FFFFFF
2026-03-25 13:25:58.176,Object_Spawned,T:0.25|H:0.99|W:1.61|Col:FFFFFF
2026-03-25 13:25:58.176,Object_Spawned,T:0.27|H:1.03|W:1.57|Col:FFFFFF
2026-03-25 13:25:58.176,Object_Spawned,T:1.00|H:2.49|W:0.41|Col:FFFFFF
2026-03-25 13:25:58.176,Object_Spawned,T:0.40|H:1.29|W:1.37|Col:FFFFFF
2026-03-25 13:25:58.176,Object_Spawned,T:0.42|H:1.34|W:1.33|Col:FFFFFF
2026-03-25 13:25:58.176,Object_Spawned,T:0.53|H:1.57|W:1.15|Col:FFFFFF
2026-03-25 13:25:58.176,Object_Spawned,T:0.01|H:0.52|W:1.99|Col:FFFFFF
2026-03-25 13:25:58.176,Object_Spawned,T:0.75|H:1.99|W:0.80|Col:FFFFFF
2026-03-25 13:25:58.176,Object_Spawned,T:0.23|H:0.96|W:1.63|Col:FFFFFF
2026-03-25 13:25:58.176,Object_Spawned,T:0.42|H:1.33|W:1.34|Col:FFFFFF
2026-03-25 13:25:58.177,Object_Spawned,T:0.34|H:1.18|W:1.45|Col:FFFFFF
2026-03-25 13:25:58.177,Object_Spawned,T:0.49|H:1.48|W:1.21|Col:FFFFFF
2026-03-25 13:25:58.177,Object_Spawned,T:0.76|H:2.02|W:0.79|Col:FFFFFF
2026-03-25 13:25:58.177,Object_Spawned,T:0.08|H:0.66|W:1.88|Col:FFFFFF
2026-03-25 13:25:58.177,Object_Spawned,T:0.31|H:1.13|W:1.50|Col:FFFFFF
2026-03-25 13:25:58.177,Object_Spawned,T:0.53|H:1.57|W:1.15|Col:FFFFFF
2026-03-25 13:25:58.177,Object_Spawned,T:0.82|H:2.14|W:0.68|Col:FFFFFF
2026-03-25 13:25:58.177,Object_Spawned,T:0.89|H:2.27|W:0.58|Col:FFFFFF
2026-03-25 13:25:58.177,Object_Spawned,T:0.87|H:2.23|W:0.61|Col:FFFFFF
2026-03-25 13:25:58.177,Object_Spawned,T:0.41|H:1.32|W:1.34|Col:FFFFFF
2026-03-25 13:25:58.177,Object_Spawned,T:0.04|H:0.57|W:1.94|Col:FFFFFF
2026-03-25 13:25:58.177,Object_Spawned,T:0.47|H:1.44|W:1.25|Col:FFFFFF
2026-03-25 13:25:58.178,Object_Spawned,T:0.05|H:0.61|W:1.91|Col:FFFFFF
2026-03-25 13:25:58.178,Object_Spawned,T:0.64|H:1.78|W:0.97|Col:FFFFFF
2026-03-25 13:25:58.178,Object_Spawned,T:0.26|H:1.03|W:1.58|Col:FFFFFF
2026-03-25 13:25:58.178,Object_Spawned,T:0.78|H:2.06|W:0.75|Col:FFFFFF
2026-03-25 13:25:58.178,Object_Spawned,T:0.90|H:2.30|W:0.56|Col:FFFFFF
2026-03-25 13:25:58.178,Object_Spawned,T:0.20|H:0.89|W:1.69|Col:FFFFFF
2026-03-25 13:25:58.178,Object_Spawned,T:0.90|H:2.30|W:0.56|Col:FFFFFF
2026-03-25 13:25:58.178,Object_Spawned,T:0.95|H:2.41|W:0.47|Col:FFFFFF
2026-03-25 13:25:58.178,Object_Spawned,T:0.78|H:2.06|W:0.75|Col:FFFFFF
2026-03-25 13:25:58.178,Object_Spawned,T:0.05|H:0.60|W:1.92|Col:FFFFFF
2026-03-25 13:25:58.178,Object_Spawned,T:0.72|H:1.94|W:0.85|Col:FFFFFF
2026-03-25 13:25:58.178,Object_Spawned,T:0.96|H:2.43|W:0.46|Col:FFFFFF
2026-03-25 13:25:58.178,Object_Spawned,T:0.92|H:2.34|W:0.53|Col:FFFFFF
2026-03-25 13:25:58.179,Object_Spawned,T:0.06|H:0.63|W:1.90|Col:FFFFFF
2026-03-25 13:25:58.179,Object_Spawned,T:0.48|H:1.47|W:1.23|Col:FFFFFF
2026-03-25 13:25:58.179,Object_Spawned,T:0.59|H:1.68|W:1.06|Col:FFFFFF
2026-03-25 13:25:58.179,Object_Spawned,T:0.30|H:1.11|W:1.52|Col:FFFFFF
2026-03-25 13:25:58.179,Object_Spawned,T:1.00|H:2.49|W:0.40|Col:FFFFFF
2026-03-25 13:25:58.179,Object_Spawned,T:0.11|H:0.71|W:1.83|Col:FFFFFF
2026-03-25 13:25:58.179,Object_Spawned,T:0.68|H:1.85|W:0.92|Col:FFFFFF
2026-03-25 13:25:58.179,Object_Spawned,T:0.86|H:2.22|W:0.62|Col:FFFFFF
2026-03-25 13:25:58.179,Object_Spawned,T:0.55|H:1.59|W:1.13|Col:FFFFFF
2026-03-25 13:25:58.179,Object_Spawned,T:0.74|H:1.98|W:0.82|Col:FFFFFF
2026-03-25 13:25:58.179,Object_Spawned,T:0.34|H:1.17|W:1.46|Col:FFFFFF
2026-03-25 13:32:08.879,Object_Spawned,T:0.10|H:0.70|W:1.84|Col:3F1F65
2026-03-25 13:32:08.884,Object_Spawned,T:0.84|H:2.18|W:0.65|Col:94CE51
2026-03-25 13:32:08.889,Object_Spawned,T:0.69|H:1.88|W:0.89|Col:35B57A
2026-03-25 13:32:08.889,Object_Spawned,T:0.00|H:0.51|W:1.99|Col:440255
2026-03-25 13:32:08.890,Object_Spawned,T:0.13|H:0.76|W:1.79|Col:3D276A
2026-03-25 13:32:08.890,Object_Spawned,T:0.09|H:0.68|W:1.85|Col:3F1C63
2026-03-25 13:32:08.890,Object_Spawned,T:0.06|H:0.61|W:1.91|Col:41125E
2026-03-25 13:32:08.890,Object_Spawned,T:0.29|H:1.08|W:1.54|Col:345684
2026-03-25 13:32:08.890,Object_Spawned,T:0.15|H:0.80|W:1.76|Col:3C2C6C
2026-03-25 13:32:08.890,Object_Spawned,T:0.56|H:1.63|W:1.10|Col:339981
2026-03-25 13:32:08.890,Object_Spawned,T:0.81|H:2.12|W:0.71|Col:7EC85A
2026-03-25 13:32:08.890,Object_Spawned,T:0.92|H:2.34|W:0.53|Col:C7DA3C
2026-03-25 13:32:08.890,Object_Spawned,T:0.73|H:1.95|W:0.84|Col:46BB72
2026-03-25 13:32:08.890,Object_Spawned,T:0.25|H:1.00|W:1.60|Col:374A7D
2026-03-25 13:32:08.890,Object_Spawned,T:0.24|H:0.98|W:1.62|Col:37477C
2026-03-25 13:32:08.891,Object_Spawned,T:0.03|H:0.56|W:1.95|Col:420959
2026-03-25 13:32:08.891,Object_Spawned,T:0.49|H:1.48|W:1.22|Col:338886
2026-03-25 13:32:08.891,Object_Spawned,T:0.78|H:2.07|W:0.75|Col:6DC462
2026-03-25 13:32:08.891,Object_Spawned,T:0.59|H:1.69|W:1.05|Col:349F7F
2026-03-25 13:32:08.891,Object_Spawned,T:0.81|H:2.11|W:0.71|Col:7CC85B
2026-03-25 13:32:08.891,Object_Spawned,T:0.96|H:2.42|W:0.46|Col:E3E130
2026-03-25 13:32:08.891,Object_Spawned,T:0.25|H:1.01|W:1.59|Col:364C7E
2026-03-25 13:32:08.891,Object_Spawned,T:0.84|H:2.18|W:0.66|Col:91CD52
2026-03-25 13:32:08.891,Object_Spawned,T:0.81|H:2.12|W:0.70|Col:7FC95A
2026-03-25 13:32:08.891,Object_Spawned,T:0.82|H:2.14|W:0.69|Col:84CA58
2026-03-25 13:32:08.891,Object_Spawned,T:0.43|H:1.35|W:1.32|Col:327989
2026-03-25 13:32:08.891,Object_Spawned,T:0.45|H:1.40|W:1.28|Col:327E88
2026-03-25 13:32:08.891,Object_Spawned,T:0.10|H:0.70|W:1.84|Col:3E1F65
2026-03-25 13:32:08.891,Object_Spawned,T:0.14|H:0.79|W:1.77|Col:3C2C6C
2026-03-25 13:32:08.892,Object_Spawned,T:0.36|H:1.22|W:1.43|Col:316A8E
2026-03-25 13:32:08.892,Object_Spawned,T:0.44|H:1.37|W:1.30|Col:327C89
2026-03-25 13:32:08.892,Object_Spawned,T:0.96|H:2.42|W:0.46|Col:E2E130
2026-03-25 13:32:08.892,Object_Spawned,T:0.91|H:2.32|W:0.54|Col:C1D93E
2026-03-25 13:32:08.892,Object_Spawned,T:0.63|H:1.76|W:0.99|Col:34A77D
2026-03-25 13:32:08.892,Object_Spawned,T:0.30|H:1.09|W:1.53|Col:345885
2026-03-25 13:32:08.892,Object_Spawned,T:0.49|H:1.49|W:1.21|Col:338985
2026-03-25 13:32:08.892,Object_Spawned,T:0.38|H:1.26|W:1.39|Col:316E8C
2026-03-25 13:32:08.892,Object_Spawned,T:0.85|H:2.20|W:0.64|Col:99CF4F
2026-03-25 13:32:08.892,Object_Spawned,T:0.10|H:0.71|W:1.83|Col:3E2065
2026-03-25 13:32:08.892,Object_Spawned,T:0.09|H:0.67|W:1.86|Col:3F1A62
2026-03-25 13:32:08.893,Object_Spawned,T:0.35|H:1.20|W:1.44|Col:31688E
2026-03-25 13:32:08.893,Object_Spawned,T:0.25|H:0.99|W:1.61|Col:37497D
2026-03-25 13:32:08.893,Object_Spawned,T:0.75|H:2.00|W:0.80|Col:55BF6B
2026-03-25 13:32:08.893,Object_Spawned,T:0.66|H:1.82|W:0.94|Col:35AE7B
2026-03-25 13:32:08.893,Object_Spawned,T:0.60|H:1.69|W:1.05|Col:34A07F
2026-03-25 13:32:08.893,Object_Spawned,T:0.69|H:1.88|W:0.89|Col:35B57A
2026-03-25 13:32:08.893,Object_Spawned,T:0.62|H:1.73|W:1.01|Col:34A47E
2026-03-25 13:32:08.893,Object_Spawned,T:0.62|H:1.73|W:1.01|Col:34A47E
2026-03-25 13:32:08.893,Object_Spawned,T:0.25|H:1.00|W:1.60|Col:364B7E
2026-03-25 13:32:08.893,Object_Spawned,T:0.00|H:0.51|W:1.99|Col:440255
2026-03-25 13:33:11.554,Object_Spawned,ColT:0.57|ShaT:0.90|SmoT:0.75
2026-03-25 13:33:11.559,Object_Spawned,ColT:0.04|ShaT:0.17|SmoT:0.66
2026-03-25 13:33:11.559,Object_Spawned,ColT:0.44|ShaT:0.91|SmoT:0.57
2026-03-25 13:33:11.559,Object_Spawned,ColT:0.51|ShaT:0.01|SmoT:0.54
2026-03-25 13:33:11.559,Object_Spawned,ColT:0.43|ShaT:0.72|SmoT:0.75
2026-03-25 13:33:11.559,Object_Spawned,ColT:0.70|ShaT:0.45|SmoT:0.35
2026-03-25 13:33:11.559,Object_Spawned,ColT:0.06|ShaT:0.26|SmoT:0.34
2026-03-25 13:33:11.559,Object_Spawned,ColT:0.40|ShaT:0.88|SmoT:0.69
2026-03-25 13:33:11.559,Object_Spawned,ColT:0.09|ShaT:0.47|SmoT:0.77
2026-03-25 13:33:11.559,Object_Spawned,ColT:0.89|ShaT:0.29|SmoT:0.29
2026-03-25 13:33:11.560,Object_Spawned,ColT:0.71|ShaT:0.30|SmoT:0.14
2026-03-25 13:33:11.560,Object_Spawned,ColT:0.55|ShaT:0.73|SmoT:0.93
2026-03-25 13:33:11.560,Object_Spawned,ColT:0.34|ShaT:0.30|SmoT:0.56
2026-03-25 13:33:11.560,Object_Spawned,ColT:0.81|ShaT:0.00|SmoT:0.89
2026-03-25 13:33:11.560,Object_Spawned,ColT:0.62|ShaT:0.06|SmoT:0.48
2026-03-25 13:33:11.560,Object_Spawned,ColT:0.59|ShaT:0.22|SmoT:0.37
2026-03-25 13:33:11.560,Object_Spawned,ColT:0.19|ShaT:0.82|SmoT:0.60
2026-03-25 13:33:11.560,Object_Spawned,ColT:0.68|ShaT:0.90|SmoT:0.13
2026-03-25 13:33:11.560,Object_Spawned,ColT:0.79|ShaT:0.37|SmoT:0.84
2026-03-25 13:33:11.560,Object_Spawned,ColT:0.43|ShaT:0.60|SmoT:0.96
2026-03-25 13:33:11.560,Object_Spawned,ColT:0.63|ShaT:0.72|SmoT:0.56
2026-03-25 13:33:11.560,Object_Spawned,ColT:0.99|ShaT:0.56|SmoT:0.11
2026-03-25 13:33:11.560,Object_Spawned,ColT:0.45|ShaT:0.23|SmoT:0.16
2026-03-25 13:33:11.561,Object_Spawned,ColT:0.48|ShaT:0.17|SmoT:0.92
2026-03-25 13:33:11.561,Object_Spawned,ColT:0.49|ShaT:0.16|SmoT:0.06
2026-03-25 13:33:11.561,Object_Spawned,ColT:0.41|ShaT:0.04|SmoT:0.77
2026-03-25 13:33:11.561,Object_Spawned,ColT:0.55|ShaT:0.41|SmoT:0.52
2026-03-25 13:33:11.561,Object_Spawned,ColT:0.60|ShaT:0.05|SmoT:0.31
2026-03-25 13:33:11.561,Object_Spawned,ColT:0.61|ShaT:0.50|SmoT:0.57
2026-03-25 13:33:11.561,Object_Spawned,ColT:0.49|ShaT:0.58|SmoT:0.87
2026-03-25 13:33:11.561,Object_Spawned,ColT:0.66|ShaT:0.60|SmoT:0.25
2026-03-25 13:33:11.561,Object_Spawned,ColT:0.41|ShaT:0.46|SmoT:0.12
2026-03-25 13:33:11.561,Object_Spawned,ColT:0.14|ShaT:0.89|SmoT:0.54
2026-03-25 13:33:11.561,Object_Spawned,ColT:0.48|ShaT:0.83|SmoT:0.38
2026-03-25 13:33:11.561,Object_Spawned,ColT:0.58|ShaT:0.12|SmoT:0.81
2026-03-25 13:33:11.561,Object_Spawned,ColT:0.97|ShaT:0.07|SmoT:0.23
2026-03-25 13:33:11.562,Object_Spawned,ColT:0.33|ShaT:0.52|SmoT:0.96
2026-03-25 13:33:11.562,Object_Spawned,ColT:0.08|ShaT:0.45|SmoT:0.20
2026-03-25 13:33:11.562,Object_Spawned,ColT:0.83|ShaT:0.91|SmoT:0.48
2026-03-25 13:33:11.562,Object_Spawned,ColT:0.48|ShaT:0.76|SmoT:0.20
2026-03-25 13:33:11.562,Object_Spawned,ColT:1.00|ShaT:0.46|SmoT:0.31
2026-03-25 13:33:11.562,Object_Spawned,ColT:0.11|ShaT:0.31|SmoT:0.05
2026-03-25 13:33:11.562,Object_Spawned,ColT:0.04|ShaT:0.14|SmoT:0.40
2026-03-25 13:33:11.562,Object_Spawned,ColT:0.54|ShaT:0.56|SmoT:0.57
2026-03-25 13:33:11.562,Object_Spawned,ColT:0.43|ShaT:0.83|SmoT:0.16
2026-03-25 13:33:11.562,Object_Spawned,ColT:0.95|ShaT:0.10|SmoT:0.95
2026-03-25 13:33:11.562,Object_Spawned,ColT:0.09|ShaT:0.96|SmoT:0.64
2026-03-25 13:33:11.562,Object_Spawned,ColT:0.16|ShaT:0.16|SmoT:0.76
2026-03-25 13:33:11.562,Object_Spawned,ColT:0.60|ShaT:0.67|SmoT:0.35
2026-03-25 13:33:11.562,Object_Spawned,ColT:0.90|ShaT:0.42|SmoT:0.48
2026-03-25 13:33:20.446,Target_Collected,ColT:0.95|ShaT:0.10|SmoT:0.95
2026-03-25 13:33:20.565,Target_Collected,ColT:0.55|ShaT:0.41|SmoT:0.52
2026-03-25 13:33:23.085,Target_Collected,ColT:0.41|ShaT:0.46|SmoT:0.12
2026-03-25 13:34:04.306,Object_Spawned,ColT:0.77|ShaT:0.67|SmoT:0.23
2026-03-25 13:34:04.312,Object_Spawned,ColT:0.39|ShaT:0.26|SmoT:0.37
2026-03-25 13:34:04.313,Object_Spawned,ColT:0.38|ShaT:0.42|SmoT:0.62
2026-03-25 13:34:04.313,Object_Spawned,ColT:0.89|ShaT:0.71|SmoT:0.74
2026-03-25 13:34:04.313,Object_Spawned,ColT:0.26|ShaT:0.39|SmoT:0.56
2026-03-25 13:34:04.313,Object_Spawned,ColT:0.78|ShaT:0.98|SmoT:0.14
2026-03-25 13:34:04.313,Object_Spawned,ColT:0.54|ShaT:0.73|SmoT:0.29
2026-03-25 13:34:04.313,Object_Spawned,ColT:0.16|ShaT:0.55|SmoT:0.23
2026-03-25 13:34:04.313,Object_Spawned,ColT:0.28|ShaT:0.61|SmoT:0.95
2026-03-25 13:34:04.313,Object_Spawned,ColT:0.54|ShaT:0.30|SmoT:0.39
2026-03-25 13:34:04.313,Object_Spawned,ColT:0.48|ShaT:0.55|SmoT:0.31
2026-03-25 13:34:04.313,Object_Spawned,ColT:0.61|ShaT:0.05|SmoT:0.96
2026-03-25 13:34:04.314,Object_Spawned,ColT:0.40|ShaT:0.05|SmoT:0.03
2026-03-25 13:34:04.314,Object_Spawned,ColT:0.65|ShaT:0.17|SmoT:0.16
2026-03-25 13:34:04.314,Object_Spawned,ColT:0.65|ShaT:0.43|SmoT:0.63
2026-03-25 13:34:04.314,Object_Spawned,ColT:0.53|ShaT:0.47|SmoT:0.10
2026-03-25 13:34:04.314,Object_Spawned,ColT:0.17|ShaT:0.56|SmoT:0.69
2026-03-25 13:34:04.314,Object_Spawned,ColT:0.15|ShaT:0.94|SmoT:0.35
2026-03-25 13:34:04.314,Object_Spawned,ColT:0.69|ShaT:0.71|SmoT:0.46
2026-03-25 13:34:04.314,Object_Spawned,ColT:0.57|ShaT:0.12|SmoT:0.56
2026-03-25 13:34:04.314,Object_Spawned,ColT:0.14|ShaT:0.84|SmoT:0.99
2026-03-25 13:34:04.314,Object_Spawned,ColT:0.27|ShaT:0.13|SmoT:0.97
2026-03-25 13:34:04.314,Object_Spawned,ColT:0.20|ShaT:0.87|SmoT:0.56
2026-03-25 13:34:04.315,Object_Spawned,ColT:0.85|ShaT:0.41|SmoT:0.27
2026-03-25 13:34:04.315,Object_Spawned,ColT:0.75|ShaT:0.28|SmoT:0.68
2026-03-25 13:34:04.315,Object_Spawned,ColT:0.98|ShaT:0.89|SmoT:0.03
2026-03-25 13:34:04.315,Object_Spawned,ColT:0.63|ShaT:0.20|SmoT:0.98
2026-03-25 13:34:04.315,Object_Spawned,ColT:0.38|ShaT:0.38|SmoT:0.89
2026-03-25 13:34:04.315,Object_Spawned,ColT:0.42|ShaT:0.82|SmoT:0.03
2026-03-25 13:34:04.315,Object_Spawned,ColT:0.84|ShaT:0.47|SmoT:0.17
2026-03-25 13:34:04.315,Object_Spawned,ColT:0.83|ShaT:0.92|SmoT:0.70
2026-03-25 13:34:04.315,Object_Spawned,ColT:0.81|ShaT:0.64|SmoT:0.48
2026-03-25 13:34:04.315,Object_Spawned,ColT:0.26|ShaT:0.59|SmoT:0.85
2026-03-25 13:34:04.316,Object_Spawned,ColT:0.93|ShaT:0.59|SmoT:0.43
2026-03-25 13:34:04.316,Object_Spawned,ColT:0.51|ShaT:0.49|SmoT:0.29
2026-03-25 13:34:04.316,Object_Spawned,ColT:0.49|ShaT:0.50|SmoT:0.81
2026-03-25 13:34:04.316,Object_Spawned,ColT:0.57|ShaT:0.43|SmoT:0.28
2026-03-25 13:34:04.316,Object_Spawned,ColT:0.64|ShaT:0.56|SmoT:0.88
2026-03-25 13:34:04.316,Object_Spawned,ColT:0.49|ShaT:0.16|SmoT:0.47
2026-03-25 13:34:04.316,Object_Spawned,ColT:0.65|ShaT:0.98|SmoT:0.62
2026-03-25 13:34:04.316,Object_Spawned,ColT:0.56|ShaT:0.65|SmoT:0.13
2026-03-25 13:34:04.316,Object_Spawned,ColT:0.04|ShaT:0.62|SmoT:0.96
2026-03-25 13:34:04.316,Object_Spawned,ColT:0.09|ShaT:0.29|SmoT:0.22
2026-03-25 13:34:04.316,Object_Spawned,ColT:0.52|ShaT:0.12|SmoT:0.08
2026-03-25 13:34:04.316,Object_Spawned,ColT:0.48|ShaT:0.60|SmoT:0.90
2026-03-25 13:34:04.317,Object_Spawned,ColT:0.46|ShaT:0.33|SmoT:0.21
2026-03-25 13:34:04.317,Object_Spawned,ColT:0.14|ShaT:0.58|SmoT:0.88
2026-03-25 13:34:04.317,Object_Spawned,ColT:0.89|ShaT:0.08|SmoT:0.72
2026-03-25 13:34:04.317,Object_Spawned,ColT:0.82|ShaT:0.04|SmoT:0.20
2026-03-25 13:34:04.317,Object_Spawned,ColT:0.45|ShaT:1.00|SmoT:0.05
2026-03-25 13:34:36.963,Object_Spawned,ColT:0.31|ShaT:0.01|SmoT:0.12
2026-03-25 13:34:36.969,Object_Spawned,ColT:0.59|ShaT:0.48|SmoT:0.41
2026-03-25 13:34:36.969,Object_Spawned,ColT:0.27|ShaT:0.99|SmoT:0.20
2026-03-25 13:34:36.969,Object_Spawned,ColT:0.66|ShaT:0.11|SmoT:0.90
2026-03-25 13:34:36.970,Object_Spawned,ColT:0.56|ShaT:0.93|SmoT:0.79
2026-03-25 13:34:36.970,Object_Spawned,ColT:0.23|ShaT:0.46|SmoT:0.97
2026-03-25 13:34:36.970,Object_Spawned,ColT:0.36|ShaT:0.80|SmoT:0.87
2026-03-25 13:34:36.970,Object_Spawned,ColT:0.85|ShaT:0.18|SmoT:0.34
2026-03-25 13:34:36.970,Object_Spawned,ColT:0.84|ShaT:0.94|SmoT:0.65
2026-03-25 13:34:36.970,Object_Spawned,ColT:0.92|ShaT:0.35|SmoT:0.31
2026-03-25 13:34:36.970,Object_Spawned,ColT:0.73|ShaT:0.21|SmoT:0.28
2026-03-25 13:34:36.970,Object_Spawned,ColT:0.57|ShaT:0.45|SmoT:0.39
2026-03-25 13:34:36.970,Object_Spawned,ColT:0.01|ShaT:0.71|SmoT:0.59
2026-03-25 13:34:36.970,Object_Spawned,ColT:0.42|ShaT:0.21|SmoT:0.98
2026-03-25 13:34:36.971,Object_Spawned,ColT:0.10|ShaT:0.98|SmoT:0.74
2026-03-25 13:34:36.971,Object_Spawned,ColT:0.46|ShaT:0.46|SmoT:0.43
2026-03-25 13:34:36.971,Object_Spawned,ColT:0.58|ShaT:0.57|SmoT:0.27
2026-03-25 13:34:36.971,Object_Spawned,ColT:0.31|ShaT:0.65|SmoT:0.27
2026-03-25 13:34:36.971,Object_Spawned,ColT:0.88|ShaT:0.85|SmoT:0.15
2026-03-25 13:34:36.971,Object_Spawned,ColT:0.81|ShaT:0.48|SmoT:0.02
2026-03-25 13:34:36.971,Object_Spawned,ColT:0.19|ShaT:0.10|SmoT:0.21
2026-03-25 13:34:36.971,Object_Spawned,ColT:0.43|ShaT:0.35|SmoT:0.45
2026-03-25 13:34:36.971,Object_Spawned,ColT:0.62|ShaT:0.80|SmoT:0.74
2026-03-25 13:34:36.971,Object_Spawned,ColT:0.58|ShaT:0.08|SmoT:0.03
2026-03-25 13:34:36.971,Object_Spawned,ColT:0.01|ShaT:0.10|SmoT:0.14
2026-03-25 13:34:36.972,Object_Spawned,ColT:0.41|ShaT:0.97|SmoT:0.37
2026-03-25 13:34:36.972,Object_Spawned,ColT:0.04|ShaT:0.25|SmoT:0.18
2026-03-25 13:34:36.972,Object_Spawned,ColT:0.45|ShaT:0.93|SmoT:0.29
2026-03-25 13:34:36.972,Object_Spawned,ColT:0.61|ShaT:0.31|SmoT:0.56
2026-03-25 13:34:36.972,Object_Spawned,ColT:0.97|ShaT:0.67|SmoT:0.54
2026-03-25 13:34:36.972,Object_Spawned,ColT:0.82|ShaT:0.49|SmoT:0.67
2026-03-25 13:34:36.972,Object_Spawned,ColT:0.09|ShaT:0.94|SmoT:0.35
2026-03-25 13:34:36.972,Object_Spawned,ColT:0.55|ShaT:0.58|SmoT:0.11
2026-03-25 13:34:36.972,Object_Spawned,ColT:0.31|ShaT:0.25|SmoT:0.72
2026-03-25 13:34:36.972,Object_Spawned,ColT:0.96|ShaT:0.04|SmoT:0.51
2026-03-25 13:34:36.972,Object_Spawned,ColT:0.89|ShaT:0.08|SmoT:0.03
2026-03-25 13:34:36.972,Object_Spawned,ColT:0.39|ShaT:0.26|SmoT:0.49
2026-03-25 13:34:36.973,Object_Spawned,ColT:0.83|ShaT:0.26|SmoT:0.74
2026-03-25 13:34:36.973,Object_Spawned,ColT:0.43|ShaT:0.02|SmoT:0.05
2026-03-25 13:34:36.973,Object_Spawned,ColT:0.11|ShaT:0.23|SmoT:0.66
2026-03-25 13:34:36.973,Object_Spawned,ColT:0.53|ShaT:0.33|SmoT:0.26
2026-03-25 13:34:36.973,Object_Spawned,ColT:0.08|ShaT:0.62|SmoT:0.99
2026-03-25 13:34:36.973,Object_Spawned,ColT:0.51|ShaT:0.64|SmoT:0.43
2026-03-25 13:34:36.973,Object_Spawned,ColT:0.04|ShaT:0.72|SmoT:0.12
2026-03-25 13:34:36.973,Object_Spawned,ColT:0.87|ShaT:0.94|SmoT:0.82
2026-03-25 13:34:36.973,Object_Spawned,ColT:0.42|ShaT:0.33|SmoT:0.61
2026-03-25 13:34:36.973,Object_Spawned,ColT:0.20|ShaT:0.08|SmoT:0.97
2026-03-25 13:34:36.973,Object_Spawned,ColT:0.67|ShaT:0.84|SmoT:0.76
2026-03-25 13:34:36.973,Object_Spawned,ColT:0.67|ShaT:0.78|SmoT:0.66
2026-03-25 13:34:36.974,Object_Spawned,ColT:0.73|ShaT:0.59|SmoT:0.23
2026-03-25 13:38:30.730,Object_Spawned,Row:0|Col:0|ColT:0.85|ShaT:0.60
2026-03-25 13:38:30.735,Object_Spawned,Row:0|Col:1|ColT:0.28|ShaT:0.42
2026-03-25 13:38:30.735,Object_Spawned,Row:0|Col:2|ColT:0.43|ShaT:0.96
2026-03-25 13:38:30.735,Object_Spawned,Row:0|Col:3|ColT:0.91|ShaT:0.82
2026-03-25 13:38:30.735,Object_Spawned,Row:0|Col:4|ColT:0.81|ShaT:0.59
2026-03-25 13:38:30.736,Object_Spawned,Row:0|Col:5|ColT:0.12|ShaT:0.57
2026-03-25 13:38:30.736,Object_Spawned,Row:0|Col:6|ColT:0.31|ShaT:0.77
2026-03-25 13:38:30.736,Object_Spawned,Row:1|Col:0|ColT:0.42|ShaT:0.00
2026-03-25 13:38:30.736,Object_Spawned,Row:1|Col:1|ColT:0.57|ShaT:0.55
2026-03-25 13:38:30.736,Object_Spawned,Row:1|Col:2|ColT:0.32|ShaT:0.61
2026-03-25 13:38:30.736,Object_Spawned,Row:1|Col:3|ColT:0.29|ShaT:0.81
2026-03-25 13:38:30.736,Object_Spawned,Row:1|Col:4|ColT:0.00|ShaT:0.45
2026-03-25 13:38:30.736,Object_Spawned,Row:1|Col:5|ColT:0.50|ShaT:0.50
2026-03-25 13:38:30.736,Object_Spawned,Row:1|Col:6|ColT:0.40|ShaT:0.61
2026-03-25 13:38:30.736,Object_Spawned,Row:2|Col:0|ColT:0.61|ShaT:0.08
2026-03-25 13:38:30.736,Object_Spawned,Row:2|Col:1|ColT:0.26|ShaT:0.69
2026-03-25 13:38:30.736,Object_Spawned,Row:2|Col:2|ColT:0.24|ShaT:0.18
2026-03-25 13:38:30.736,Object_Spawned,Row:2|Col:3|ColT:0.06|ShaT:0.50
2026-03-25 13:38:30.737,Object_Spawned,Row:2|Col:4|ColT:0.70|ShaT:0.51
2026-03-25 13:38:30.737,Object_Spawned,Row:2|Col:5|ColT:0.85|ShaT:0.86
2026-03-25 13:38:30.737,Object_Spawned,Row:2|Col:6|ColT:0.06|ShaT:0.94
2026-03-25 13:38:30.737,Object_Spawned,Row:3|Col:0|ColT:1.00|ShaT:0.89
2026-03-25 13:38:30.737,Object_Spawned,Row:3|Col:1|ColT:0.63|ShaT:0.86
2026-03-25 13:38:30.737,Object_Spawned,Row:3|Col:2|ColT:0.70|ShaT:0.59
2026-03-25 13:38:30.737,Object_Spawned,Row:3|Col:3|ColT:0.63|ShaT:0.40
2026-03-25 13:38:30.737,Object_Spawned,Row:3|Col:4|ColT:0.81|ShaT:0.15
2026-03-25 13:38:30.737,Object_Spawned,Row:3|Col:5|ColT:0.63|ShaT:0.88
2026-03-25 13:38:30.737,Object_Spawned,Row:3|Col:6|ColT:0.41|ShaT:0.84
2026-03-25 13:38:30.737,Object_Spawned,Row:4|Col:0|ColT:0.31|ShaT:0.82
2026-03-25 13:38:30.737,Object_Spawned,Row:4|Col:1|ColT:0.87|ShaT:0.46
2026-03-25 13:38:30.737,Object_Spawned,Row:4|Col:2|ColT:1.00|ShaT:0.03
2026-03-25 13:38:30.738,Object_Spawned,Row:4|Col:3|ColT:0.99|ShaT:0.17
2026-03-25 13:38:30.738,Object_Spawned,Row:4|Col:4|ColT:0.98|ShaT:0.76
2026-03-25 13:38:30.738,Object_Spawned,Row:4|Col:5|ColT:0.93|ShaT:0.27
2026-03-25 13:38:30.738,Object_Spawned,Row:4|Col:6|ColT:0.68|ShaT:0.83
2026-03-25 13:38:30.738,Object_Spawned,Row:5|Col:0|ColT:0.27|ShaT:0.18
2026-03-25 13:38:30.738,Object_Spawned,Row:5|Col:1|ColT:0.65|ShaT:0.23
2026-03-25 13:38:30.738,Object_Spawned,Row:5|Col:2|ColT:0.06|ShaT:0.83
2026-03-25 13:38:30.738,Object_Spawned,Row:5|Col:3|ColT:0.69|ShaT:0.56
2026-03-25 13:38:30.738,Object_Spawned,Row:5|Col:4|ColT:0.57|ShaT:0.13
2026-03-25 13:38:30.738,Object_Spawned,Row:5|Col:5|ColT:0.78|ShaT:0.93
2026-03-25 13:38:30.738,Object_Spawned,Row:5|Col:6|ColT:0.29|ShaT:0.10
2026-03-25 13:38:30.738,Object_Spawned,Row:6|Col:0|ColT:0.26|ShaT:0.73
2026-03-25 13:38:30.738,Object_Spawned,Row:6|Col:1|ColT:0.48|ShaT:0.17
2026-03-25 13:38:30.739,Object_Spawned,Row:6|Col:2|ColT:0.95|ShaT:0.63
2026-03-25 13:38:30.739,Object_Spawned,Row:6|Col:3|ColT:0.09|ShaT:0.76
2026-03-25 13:38:30.739,Object_Spawned,Row:6|Col:4|ColT:0.77|ShaT:0.16
2026-03-25 13:38:30.739,Object_Spawned,Row:6|Col:5|ColT:0.27|ShaT:0.38
2026-03-25 13:38:30.739,Object_Spawned,Row:6|Col:6|ColT:0.23|ShaT:0.34
2026-03-25 13:38:36.643,Target_Collected,Row:3|Col:2|ColT:0.70|ShaT:0.59
2026-03-25 13:41:32.838,Object_Spawned,Row:0|Col:0|ColT:0.09|ShaT:0.81
2026-03-25 13:41:32.843,Object_Spawned,Row:0|Col:1|ColT:0.02|ShaT:0.90
2026-03-25 13:41:32.843,Object_Spawned,Row:0|Col:2|ColT:0.24|ShaT:0.57
2026-03-25 13:41:32.843,Object_Spawned,Row:0|Col:3|ColT:0.49|ShaT:0.76
2026-03-25 13:41:32.843,Object_Spawned,Row:0|Col:4|ColT:0.64|ShaT:0.45
2026-03-25 13:41:32.843,Object_Spawned,Row:0|Col:5|ColT:0.16|ShaT:0.92
2026-03-25 13:41:32.843,Object_Spawned,Row:0|Col:6|ColT:0.38|ShaT:0.88
2026-03-25 13:41:32.843,Object_Spawned,Row:1|Col:0|ColT:0.39|ShaT:0.36
2026-03-25 13:41:32.843,Object_Spawned,Row:1|Col:1|ColT:0.63|ShaT:0.02
2026-03-25 13:41:32.843,Object_Spawned,Row:1|Col:2|ColT:0.91|ShaT:0.64
2026-03-25 13:41:32.843,Object_Spawned,Row:1|Col:3|ColT:0.32|ShaT:0.45
2026-03-25 13:41:32.844,Object_Spawned,Row:1|Col:4|ColT:0.52|ShaT:0.82
2026-03-25 13:41:32.844,Object_Spawned,Row:1|Col:5|ColT:0.80|ShaT:0.45
2026-03-25 13:41:32.844,Object_Spawned,Row:1|Col:6|ColT:0.52|ShaT:0.39
2026-03-25 13:41:32.844,Object_Spawned,Row:2|Col:0|ColT:0.97|ShaT:0.75
2026-03-25 13:41:32.844,Object_Spawned,Row:2|Col:1|ColT:0.26|ShaT:0.03
2026-03-25 13:41:32.844,Object_Spawned,Row:2|Col:2|ColT:0.40|ShaT:0.50
2026-03-25 13:41:32.844,Object_Spawned,Row:2|Col:3|ColT:0.32|ShaT:0.09
2026-03-25 13:41:32.844,Object_Spawned,Row:2|Col:4|ColT:0.14|ShaT:0.28
2026-03-25 13:41:32.844,Object_Spawned,Row:2|Col:5|ColT:0.86|ShaT:0.07
2026-03-25 13:41:32.844,Object_Spawned,Row:2|Col:6|ColT:0.79|ShaT:0.52
2026-03-25 13:41:32.844,Object_Spawned,Row:3|Col:0|ColT:0.96|ShaT:0.81
2026-03-25 13:41:32.844,Object_Spawned,Row:3|Col:1|ColT:0.09|ShaT:0.23
2026-03-25 13:41:32.844,Object_Spawned,Row:3|Col:2|ColT:0.26|ShaT:0.55
2026-03-25 13:41:32.845,Object_Spawned,Row:3|Col:3|ColT:0.56|ShaT:0.77
2026-03-25 13:41:32.845,Object_Spawned,Row:3|Col:4|ColT:0.80|ShaT:0.88
2026-03-25 13:41:32.845,Object_Spawned,Row:3|Col:5|ColT:0.14|ShaT:0.70
2026-03-25 13:41:32.845,Object_Spawned,Row:3|Col:6|ColT:0.42|ShaT:0.37
2026-03-25 13:41:32.845,Object_Spawned,Row:4|Col:0|ColT:0.74|ShaT:0.73
2026-03-25 13:41:32.845,Object_Spawned,Row:4|Col:1|ColT:0.97|ShaT:0.20
2026-03-25 13:41:32.845,Object_Spawned,Row:4|Col:2|ColT:0.45|ShaT:0.73
2026-03-25 13:41:32.845,Object_Spawned,Row:4|Col:3|ColT:0.99|ShaT:0.91
2026-03-25 13:41:32.845,Object_Spawned,Row:4|Col:4|ColT:0.60|ShaT:0.35
2026-03-25 13:41:32.845,Object_Spawned,Row:4|Col:5|ColT:0.71|ShaT:0.67
2026-03-25 13:41:32.845,Object_Spawned,Row:4|Col:6|ColT:0.47|ShaT:0.37
2026-03-25 13:41:32.845,Object_Spawned,Row:5|Col:0|ColT:0.06|ShaT:0.97
2026-03-25 13:41:32.846,Object_Spawned,Row:5|Col:1|ColT:0.84|ShaT:0.11
2026-03-25 13:41:32.846,Object_Spawned,Row:5|Col:2|ColT:0.68|ShaT:0.07
2026-03-25 13:41:32.846,Object_Spawned,Row:5|Col:3|ColT:0.84|ShaT:0.16
2026-03-25 13:41:32.846,Object_Spawned,Row:5|Col:4|ColT:0.08|ShaT:0.16
2026-03-25 13:41:32.846,Object_Spawned,Row:5|Col:5|ColT:0.52|ShaT:0.52
2026-03-25 13:41:32.846,Object_Spawned,Row:5|Col:6|ColT:0.15|ShaT:0.80
2026-03-25 13:41:32.846,Object_Spawned,Row:6|Col:0|ColT:0.88|ShaT:0.60
2026-03-25 13:41:32.846,Object_Spawned,Row:6|Col:1|ColT:0.81|ShaT:0.08
2026-03-25 13:41:32.847,Object_Spawned,Row:6|Col:2|ColT:0.92|ShaT:0.36
2026-03-25 13:41:32.847,Object_Spawned,Row:6|Col:3|ColT:0.31|ShaT:0.51
2026-03-25 13:41:32.847,Object_Spawned,Row:6|Col:4|ColT:0.51|ShaT:0.31
2026-03-25 13:41:32.847,Object_Spawned,Row:6|Col:5|ColT:0.08|ShaT:0.91
2026-03-25 13:41:32.847,Object_Spawned,Row:6|Col:6|ColT:0.44|ShaT:0.81
2026-03-25 13:41:38.458,Target_Collected,Row:2|Col:5|ColT:0.86|ShaT:0.07
2026-03-25 13:41:45.797,Target_Collected,Row:1|Col:1|ColT:0.63|ShaT:0.02
2026-03-25 13:41:46.476,Target_Collected,Row:2|Col:1|ColT:0.26|ShaT:0.03
2026-03-25 13:41:48.457,Target_Collected,Row:1|Col:0|ColT:0.39|ShaT:0.36
2026-03-25 13:41:50.017,Target_Collected,Row:0|Col:0|ColT:0.09|ShaT:0.81
2026-03-25 13:44:30.165,Object_Spawned,Row:0|Col:0|ColT:0.70|ShaT:0.20
2026-03-25 13:44:30.170,Object_Spawned,Row:0|Col:1|ColT:0.93|ShaT:0.34
2026-03-25 13:44:30.170,Object_Spawned,Row:0|Col:2|ColT:0.08|ShaT:0.80
2026-03-25 13:44:30.171,Object_Spawned,Row:0|Col:3|ColT:0.97|ShaT:0.36
2026-03-25 13:44:30.171,Object_Spawned,Row:0|Col:4|ColT:0.23|ShaT:0.53
2026-03-25 13:44:30.171,Object_Spawned,Row:0|Col:5|ColT:0.16|ShaT:0.96
2026-03-25 13:44:30.171,Object_Spawned,Row:0|Col:6|ColT:0.69|ShaT:0.06
2026-03-25 13:44:30.171,Object_Spawned,Row:1|Col:0|ColT:0.29|ShaT:0.75
2026-03-25 13:44:30.171,Object_Spawned,Row:1|Col:1|ColT:0.89|ShaT:0.23
2026-03-25 13:44:30.171,Object_Spawned,Row:1|Col:2|ColT:0.48|ShaT:0.39
2026-03-25 13:44:30.171,Object_Spawned,Row:1|Col:3|ColT:0.57|ShaT:0.56
2026-03-25 13:44:30.171,Object_Spawned,Row:1|Col:4|ColT:0.66|ShaT:0.91
2026-03-25 13:44:30.171,Object_Spawned,Row:1|Col:5|ColT:0.43|ShaT:0.31
2026-03-25 13:44:30.171,Object_Spawned,Row:1|Col:6|ColT:0.22|ShaT:0.10
2026-03-25 13:44:30.172,Object_Spawned,Row:2|Col:0|ColT:0.24|ShaT:0.79
2026-03-25 13:44:30.172,Object_Spawned,Row:2|Col:1|ColT:0.78|ShaT:0.23
2026-03-25 13:44:30.172,Object_Spawned,Row:2|Col:2|ColT:0.18|ShaT:0.49
2026-03-25 13:44:30.172,Object_Spawned,Row:2|Col:3|ColT:0.30|ShaT:0.73
2026-03-25 13:44:30.172,Object_Spawned,Row:2|Col:4|ColT:0.68|ShaT:0.27
2026-03-25 13:44:30.172,Object_Spawned,Row:2|Col:5|ColT:0.26|ShaT:0.47
2026-03-25 13:44:30.172,Object_Spawned,Row:2|Col:6|ColT:0.99|ShaT:0.82
2026-03-25 13:44:30.172,Object_Spawned,Row:3|Col:0|ColT:0.96|ShaT:0.86
2026-03-25 13:44:30.172,Object_Spawned,Row:3|Col:1|ColT:0.88|ShaT:0.86
2026-03-25 13:44:30.172,Object_Spawned,Row:3|Col:2|ColT:0.53|ShaT:0.33
2026-03-25 13:44:30.172,Object_Spawned,Row:3|Col:3|ColT:0.59|ShaT:0.27
2026-03-25 13:44:30.172,Object_Spawned,Row:3|Col:4|ColT:0.21|ShaT:0.01
2026-03-25 13:44:30.173,Object_Spawned,Row:3|Col:5|ColT:0.77|ShaT:0.24
2026-03-25 13:44:30.173,Object_Spawned,Row:3|Col:6|ColT:0.93|ShaT:0.96
2026-03-25 13:44:30.173,Object_Spawned,Row:4|Col:0|ColT:0.70|ShaT:0.07
2026-03-25 13:44:30.173,Object_Spawned,Row:4|Col:1|ColT:0.33|ShaT:0.41
2026-03-25 13:44:30.173,Object_Spawned,Row:4|Col:2|ColT:0.45|ShaT:0.47
2026-03-25 13:44:30.173,Object_Spawned,Row:4|Col:3|ColT:0.89|ShaT:0.28
2026-03-25 13:44:30.173,Object_Spawned,Row:4|Col:4|ColT:0.01|ShaT:0.51
2026-03-25 13:44:30.173,Object_Spawned,Row:4|Col:5|ColT:0.06|ShaT:0.85
2026-03-25 13:44:30.173,Object_Spawned,Row:4|Col:6|ColT:0.06|ShaT:0.07
2026-03-25 13:44:30.173,Object_Spawned,Row:5|Col:0|ColT:0.13|ShaT:0.19
2026-03-25 13:44:30.173,Object_Spawned,Row:5|Col:1|ColT:0.60|ShaT:0.64
2026-03-25 13:44:30.173,Object_Spawned,Row:5|Col:2|ColT:0.52|ShaT:0.33
2026-03-25 13:44:30.174,Object_Spawned,Row:5|Col:3|ColT:0.41|ShaT:0.55
2026-03-25 13:44:30.174,Object_Spawned,Row:5|Col:4|ColT:0.73|ShaT:0.84
2026-03-25 13:44:30.174,Object_Spawned,Row:5|Col:5|ColT:0.41|ShaT:0.25
2026-03-25 13:44:30.174,Object_Spawned,Row:5|Col:6|ColT:0.97|ShaT:0.03
2026-03-25 13:44:30.174,Object_Spawned,Row:6|Col:0|ColT:0.03|ShaT:0.71
2026-03-25 13:44:30.174,Object_Spawned,Row:6|Col:1|ColT:0.48|ShaT:0.84
2026-03-25 13:44:30.174,Object_Spawned,Row:6|Col:2|ColT:0.90|ShaT:0.84
2026-03-25 13:44:30.174,Object_Spawned,Row:6|Col:3|ColT:0.05|ShaT:0.33
2026-03-25 13:44:30.174,Object_Spawned,Row:6|Col:4|ColT:0.45|ShaT:0.61
2026-03-25 13:44:30.174,Object_Spawned,Row:6|Col:5|ColT:0.98|ShaT:0.39
2026-03-25 13:44:30.174,Object_Spawned,Row:6|Col:6|ColT:0.75|ShaT:0.18
2026-03-25 13:44:31.873,Target_Collected,Row:3|Col:3|ColT:0.59|ShaT:0.27
2026-03-25 13:56:28.598,Object_Spawned,Row:0|Col:0|ColT:0.25|ShaT:0.52
2026-03-25 13:56:28.604,Object_Spawned,Row:0|Col:1|ColT:0.82|ShaT:0.39
2026-03-25 13:56:28.604,Object_Spawned,Row:0|Col:2|ColT:0.82|ShaT:0.47
2026-03-25 13:56:28.604,Object_Spawned,Row:0|Col:3|ColT:0.40|ShaT:0.47
2026-03-25 13:56:28.604,Object_Spawned,Row:0|Col:4|ColT:0.80|ShaT:0.35
2026-03-25 13:56:28.605,Object_Spawned,Row:0|Col:5|ColT:0.93|ShaT:0.35
2026-03-25 13:56:28.605,Object_Spawned,Row:0|Col:6|ColT:0.18|ShaT:0.72
2026-03-25 13:56:28.605,Object_Spawned,Row:1|Col:0|ColT:0.34|ShaT:0.18
2026-03-25 13:56:28.605,Object_Spawned,Row:1|Col:1|ColT:0.09|ShaT:0.61
2026-03-25 13:56:28.605,Object_Spawned,Row:1|Col:2|ColT:0.77|ShaT:0.31
2026-03-25 13:56:28.605,Object_Spawned,Row:1|Col:3|ColT:0.43|ShaT:0.57
2026-03-25 13:56:28.605,Object_Spawned,Row:1|Col:4|ColT:0.18|ShaT:0.01
2026-03-25 13:56:28.605,Object_Spawned,Row:1|Col:5|ColT:0.19|ShaT:0.18
2026-03-25 13:56:28.605,Object_Spawned,Row:1|Col:6|ColT:0.47|ShaT:0.58
2026-03-25 13:56:28.605,Object_Spawned,Row:2|Col:0|ColT:0.86|ShaT:0.41
2026-03-25 13:56:28.605,Object_Spawned,Row:2|Col:1|ColT:0.46|ShaT:0.38
2026-03-25 13:56:28.605,Object_Spawned,Row:2|Col:2|ColT:0.25|ShaT:0.36
2026-03-25 13:56:28.605,Object_Spawned,Row:2|Col:3|ColT:0.52|ShaT:0.95
2026-03-25 13:56:28.606,Object_Spawned,Row:2|Col:4|ColT:0.13|ShaT:0.18
2026-03-25 13:56:28.606,Object_Spawned,Row:2|Col:5|ColT:0.73|ShaT:0.97
2026-03-25 13:56:28.606,Object_Spawned,Row:2|Col:6|ColT:0.87|ShaT:0.96
2026-03-25 13:56:28.606,Object_Spawned,Row:3|Col:0|ColT:0.59|ShaT:0.75
2026-03-25 13:56:28.606,Object_Spawned,Row:3|Col:1|ColT:0.03|ShaT:0.49
2026-03-25 13:56:28.606,Object_Spawned,Row:3|Col:2|ColT:0.73|ShaT:0.08
2026-03-25 13:56:28.606,Object_Spawned,Row:3|Col:3|ColT:0.44|ShaT:0.68
2026-03-25 13:56:28.606,Object_Spawned,Row:3|Col:4|ColT:0.88|ShaT:0.39
2026-03-25 13:56:28.606,Object_Spawned,Row:3|Col:5|ColT:0.33|ShaT:0.97
2026-03-25 13:56:28.606,Object_Spawned,Row:3|Col:6|ColT:0.52|ShaT:0.68
2026-03-25 13:56:28.606,Object_Spawned,Row:4|Col:0|ColT:0.34|ShaT:0.40
2026-03-25 13:56:28.606,Object_Spawned,Row:4|Col:1|ColT:0.51|ShaT:0.57
2026-03-25 13:56:28.607,Object_Spawned,Row:4|Col:2|ColT:0.96|ShaT:0.58
2026-03-25 13:56:28.607,Object_Spawned,Row:4|Col:3|ColT:0.20|ShaT:0.06
2026-03-25 13:56:28.607,Object_Spawned,Row:4|Col:4|ColT:0.37|ShaT:0.01
2026-03-25 13:56:28.607,Object_Spawned,Row:4|Col:5|ColT:0.52|ShaT:0.04
2026-03-25 13:56:28.607,Object_Spawned,Row:4|Col:6|ColT:0.72|ShaT:0.79
2026-03-25 13:56:28.607,Object_Spawned,Row:5|Col:0|ColT:0.92|ShaT:0.96
2026-03-25 13:56:28.607,Object_Spawned,Row:5|Col:1|ColT:0.27|ShaT:0.51
2026-03-25 13:56:28.607,Object_Spawned,Row:5|Col:2|ColT:0.81|ShaT:0.52
2026-03-25 13:56:28.607,Object_Spawned,Row:5|Col:3|ColT:0.65|ShaT:0.79
2026-03-25 13:56:28.607,Object_Spawned,Row:5|Col:4|ColT:0.54|ShaT:0.49
2026-03-25 13:56:28.607,Object_Spawned,Row:5|Col:5|ColT:0.64|ShaT:0.28
2026-03-25 13:56:28.607,Object_Spawned,Row:5|Col:6|ColT:0.27|ShaT:0.83
2026-03-25 13:56:28.607,Object_Spawned,Row:6|Col:0|ColT:0.16|ShaT:0.78
2026-03-25 13:56:28.608,Object_Spawned,Row:6|Col:1|ColT:0.58|ShaT:0.68
2026-03-25 13:56:28.608,Object_Spawned,Row:6|Col:2|ColT:0.50|ShaT:0.05
2026-03-25 13:56:28.608,Object_Spawned,Row:6|Col:3|ColT:0.58|ShaT:0.34
2026-03-25 13:56:28.608,Object_Spawned,Row:6|Col:4|ColT:0.68|ShaT:0.60
2026-03-25 13:56:28.608,Object_Spawned,Row:6|Col:5|ColT:0.55|ShaT:0.55
2026-03-25 13:56:28.608,Object_Spawned,Row:6|Col:6|ColT:0.46|ShaT:0.29
2026-03-25 13:56:34.522,Target_Collected,Row:2|Col:2|ColT:0.25|ShaT:0.36
2026-03-25 13:56:36.041,Target_Collected,Row:2|Col:1|ColT:0.46|ShaT:0.38
2026-03-25 13:56:38.160,Target_Collected,Row:3|Col:0|ColT:0.59|ShaT:0.75
2026-03-25 13:56:40.941,Target_Collected,Row:5|Col:1|ColT:0.27|ShaT:0.51
2026-03-25 13:56:42.201,Target_Collected,Row:6|Col:1|ColT:0.58|ShaT:0.68
2026-03-25 14:09:42.511,Object_Spawned,Row:0|Col:0|ColT:0.72|ShaT:0.65
2026-03-25 14:09:42.517,Object_Spawned,Row:0|Col:1|ColT:0.85|ShaT:0.77
2026-03-25 14:09:42.517,Object_Spawned,Row:0|Col:2|ColT:0.53|ShaT:0.36
2026-03-25 14:09:42.517,Object_Spawned,Row:0|Col:3|ColT:0.03|ShaT:0.87
2026-03-25 14:09:42.517,Object_Spawned,Row:0|Col:4|ColT:0.44|ShaT:0.47
2026-03-25 14:09:42.517,Object_Spawned,Row:0|Col:5|ColT:0.81|ShaT:0.88
2026-03-25 14:09:42.517,Object_Spawned,Row:0|Col:6|ColT:0.96|ShaT:0.83
2026-03-25 14:09:42.517,Object_Spawned,Row:1|Col:0|ColT:0.85|ShaT:0.29
2026-03-25 14:09:42.517,Object_Spawned,Row:1|Col:1|ColT:0.59|ShaT:0.64
2026-03-25 14:09:42.517,Object_Spawned,Row:1|Col:2|ColT:0.76|ShaT:0.82
2026-03-25 14:09:42.518,Object_Spawned,Row:1|Col:3|ColT:0.06|ShaT:0.79
2026-03-25 14:09:42.518,Object_Spawned,Row:1|Col:4|ColT:0.57|ShaT:0.72
2026-03-25 14:09:42.518,Object_Spawned,Row:1|Col:5|ColT:0.11|ShaT:0.37
2026-03-25 14:09:42.518,Object_Spawned,Row:1|Col:6|ColT:0.24|ShaT:0.16
2026-03-25 14:09:42.518,Object_Spawned,Row:2|Col:0|ColT:0.81|ShaT:0.03
2026-03-25 14:09:42.518,Object_Spawned,Row:2|Col:1|ColT:0.18|ShaT:0.65
2026-03-25 14:09:42.518,Object_Spawned,Row:2|Col:2|ColT:0.56|ShaT:0.64
2026-03-25 14:09:42.518,Object_Spawned,Row:2|Col:3|ColT:0.27|ShaT:0.04
2026-03-25 14:09:42.518,Object_Spawned,Row:2|Col:4|ColT:0.77|ShaT:0.54
2026-03-25 14:09:42.518,Object_Spawned,Row:2|Col:5|ColT:0.29|ShaT:0.67
2026-03-25 14:09:42.518,Object_Spawned,Row:2|Col:6|ColT:0.08|ShaT:0.52
2026-03-25 14:09:42.518,Object_Spawned,Row:3|Col:0|ColT:0.85|ShaT:0.63
2026-03-25 14:09:42.518,Object_Spawned,Row:3|Col:1|ColT:0.99|ShaT:0.62
2026-03-25 14:09:42.519,Object_Spawned,Row:3|Col:2|ColT:0.62|ShaT:0.47
2026-03-25 14:09:42.519,Object_Spawned,Row:3|Col:3|ColT:0.58|ShaT:0.20
2026-03-25 14:09:42.519,Object_Spawned,Row:3|Col:4|ColT:0.14|ShaT:0.84
2026-03-25 14:09:42.519,Object_Spawned,Row:3|Col:5|ColT:0.25|ShaT:0.97
2026-03-25 14:09:42.519,Object_Spawned,Row:3|Col:6|ColT:0.02|ShaT:0.74
2026-03-25 14:09:42.519,Object_Spawned,Row:4|Col:0|ColT:0.56|ShaT:0.93
2026-03-25 14:09:42.519,Object_Spawned,Row:4|Col:1|ColT:0.14|ShaT:0.33
2026-03-25 14:09:42.519,Object_Spawned,Row:4|Col:2|ColT:0.98|ShaT:0.54
2026-03-25 14:09:42.519,Object_Spawned,Row:4|Col:3|ColT:0.21|ShaT:0.29
2026-03-25 14:09:42.519,Object_Spawned,Row:4|Col:4|ColT:0.68|ShaT:0.32
2026-03-25 14:09:42.519,Object_Spawned,Row:4|Col:5|ColT:0.35|ShaT:0.86
2026-03-25 14:09:42.519,Object_Spawned,Row:4|Col:6|ColT:0.37|ShaT:0.64
2026-03-25 14:09:42.519,Object_Spawned,Row:5|Col:0|ColT:0.02|ShaT:0.69
2026-03-25 14:09:42.520,Object_Spawned,Row:5|Col:1|ColT:0.71|ShaT:0.19
2026-03-25 14:09:42.520,Object_Spawned,Row:5|Col:2|ColT:0.62|ShaT:0.49
2026-03-25 14:09:42.520,Object_Spawned,Row:5|Col:3|ColT:0.81|ShaT:0.49
2026-03-25 14:09:42.520,Object_Spawned,Row:5|Col:4|ColT:0.71|ShaT:0.51
2026-03-25 14:09:42.520,Object_Spawned,Row:5|Col:5|ColT:0.57|ShaT:0.18
2026-03-25 14:09:42.520,Object_Spawned,Row:5|Col:6|ColT:0.48|ShaT:0.05
2026-03-25 14:09:42.520,Object_Spawned,Row:6|Col:0|ColT:0.01|ShaT:0.82
2026-03-25 14:09:42.520,Object_Spawned,Row:6|Col:1|ColT:0.24|ShaT:0.54
2026-03-25 14:09:42.520,Object_Spawned,Row:6|Col:2|ColT:0.41|ShaT:0.77
2026-03-25 14:09:42.520,Object_Spawned,Row:6|Col:3|ColT:0.30|ShaT:0.33
2026-03-25 14:09:42.520,Object_Spawned,Row:6|Col:4|ColT:0.05|ShaT:0.93
2026-03-25 14:09:42.520,Object_Spawned,Row:6|Col:5|ColT:0.27|ShaT:0.91
2026-03-25 14:09:42.520,Object_Spawned,Row:6|Col:6|ColT:0.67|ShaT:0.39
2026-03-25 14:09:47.075,Manual_Test,Keyboard_Input
2026-03-25 14:09:49.154,Manual_Test,Keyboard_Input
2026-03-25 14:09:53.931,Manual_Test,Keyboard_Input
2026-03-25 14:15:21.546,Object_Spawned,Row:0|Col:0|ColT:0.52|ShaT:0.79
2026-03-25 14:15:21.551,Object_Spawned,Row:0|Col:1|ColT:0.28|ShaT:0.50
2026-03-25 14:15:21.551,Object_Spawned,Row:0|Col:2|ColT:0.31|ShaT:0.53
2026-03-25 14:15:21.551,Object_Spawned,Row:0|Col:3|ColT:0.35|ShaT:0.16
2026-03-25 14:15:21.551,Object_Spawned,Row:0|Col:4|ColT:0.84|ShaT:0.80
2026-03-25 14:15:21.551,Object_Spawned,Row:0|Col:5|ColT:0.48|ShaT:0.35
2026-03-25 14:15:21.551,Object_Spawned,Row:0|Col:6|ColT:0.70|ShaT:0.66
2026-03-25 14:15:21.551,Object_Spawned,Row:1|Col:0|ColT:0.07|ShaT:0.17
2026-03-25 14:15:21.551,Object_Spawned,Row:1|Col:1|ColT:0.98|ShaT:0.80
2026-03-25 14:15:21.551,Object_Spawned,Row:1|Col:2|ColT:0.57|ShaT:0.42
2026-03-25 14:15:21.551,Object_Spawned,Row:1|Col:3|ColT:0.92|ShaT:0.72
2026-03-25 14:15:21.552,Object_Spawned,Row:1|Col:4|ColT:0.71|ShaT:0.51
2026-03-25 14:15:21.552,Object_Spawned,Row:1|Col:5|ColT:0.55|ShaT:0.51
2026-03-25 14:15:21.552,Object_Spawned,Row:1|Col:6|ColT:0.56|ShaT:0.46
2026-03-25 14:15:21.552,Object_Spawned,Row:2|Col:0|ColT:0.58|ShaT:0.99
2026-03-25 14:15:21.552,Object_Spawned,Row:2|Col:1|ColT:0.66|ShaT:0.50
2026-03-25 14:15:21.552,Object_Spawned,Row:2|Col:2|ColT:0.17|ShaT:0.08
2026-03-25 14:15:21.552,Object_Spawned,Row:2|Col:3|ColT:0.28|ShaT:0.18
2026-03-25 14:15:21.552,Object_Spawned,Row:2|Col:4|ColT:0.52|ShaT:0.73
2026-03-25 14:15:21.552,Object_Spawned,Row:2|Col:5|ColT:0.07|ShaT:0.88
2026-03-25 14:15:21.552,Object_Spawned,Row:2|Col:6|ColT:0.27|ShaT:0.04
2026-03-25 14:15:21.552,Object_Spawned,Row:3|Col:0|ColT:0.30|ShaT:0.37
2026-03-25 14:15:21.553,Object_Spawned,Row:3|Col:1|ColT:0.04|ShaT:0.08
2026-03-25 14:15:21.553,Object_Spawned,Row:3|Col:2|ColT:0.48|ShaT:0.04
2026-03-25 14:15:21.553,Object_Spawned,Row:3|Col:3|ColT:0.78|ShaT:0.66
2026-03-25 14:15:21.553,Object_Spawned,Row:3|Col:4|ColT:0.74|ShaT:0.36
2026-03-25 14:15:21.553,Object_Spawned,Row:3|Col:5|ColT:0.32|ShaT:0.37
2026-03-25 14:15:21.553,Object_Spawned,Row:3|Col:6|ColT:0.66|ShaT:0.70
2026-03-25 14:15:21.553,Object_Spawned,Row:4|Col:0|ColT:0.41|ShaT:0.11
2026-03-25 14:15:21.553,Object_Spawned,Row:4|Col:1|ColT:0.59|ShaT:0.96
2026-03-25 14:15:21.553,Object_Spawned,Row:4|Col:2|ColT:0.87|ShaT:0.93
2026-03-25 14:15:21.553,Object_Spawned,Row:4|Col:3|ColT:0.26|ShaT:0.48
2026-03-25 14:15:21.553,Object_Spawned,Row:4|Col:4|ColT:0.04|ShaT:0.69
2026-03-25 14:15:21.553,Object_Spawned,Row:4|Col:5|ColT:0.82|ShaT:0.28
2026-03-25 14:15:21.554,Object_Spawned,Row:4|Col:6|ColT:0.73|ShaT:0.85
2026-03-25 14:15:21.554,Object_Spawned,Row:5|Col:0|ColT:0.66|ShaT:0.61
2026-03-25 14:15:21.554,Object_Spawned,Row:5|Col:1|ColT:0.24|ShaT:0.66
2026-03-25 14:15:21.554,Object_Spawned,Row:5|Col:2|ColT:0.10|ShaT:0.37
2026-03-25 14:15:21.554,Object_Spawned,Row:5|Col:3|ColT:0.53|ShaT:0.32
2026-03-25 14:15:21.554,Object_Spawned,Row:5|Col:4|ColT:0.75|ShaT:0.36
2026-03-25 14:15:21.554,Object_Spawned,Row:5|Col:5|ColT:0.96|ShaT:0.38
2026-03-25 14:15:21.554,Object_Spawned,Row:5|Col:6|ColT:0.81|ShaT:0.30
2026-03-25 14:15:21.554,Object_Spawned,Row:6|Col:0|ColT:0.14|ShaT:0.87
2026-03-25 14:15:21.554,Object_Spawned,Row:6|Col:1|ColT:0.45|ShaT:0.96
2026-03-25 14:15:21.554,Object_Spawned,Row:6|Col:2|ColT:0.84|ShaT:0.20
2026-03-25 14:15:21.554,Object_Spawned,Row:6|Col:3|ColT:0.59|ShaT:0.23
2026-03-25 14:15:21.555,Object_Spawned,Row:6|Col:4|ColT:0.33|ShaT:0.26
2026-03-25 14:15:21.555,Object_Spawned,Row:6|Col:5|ColT:0.71|ShaT:0.47
2026-03-25 14:15:21.555,Object_Spawned,Row:6|Col:6|ColT:0.23|ShaT:0.77
2026-03-25 14:15:26.984,Manual_Test,Keyboard_Input
2026-03-25 14:15:29.736,Manual_Test,Keyboard_Input
2026-03-25 14:15:31.737,Object_Harvested,Row:2|Col:4|ColT:0.52|ShaT:0.73
2026-03-25 14:15:33.448,Manual_Test,Keyboard_Input
2026-03-25 14:15:35.449,Object_Harvested,Row:2|Col:3|ColT:0.28|ShaT:0.18
2026-03-25 14:15:38.761,Manual_Test,Keyboard_Input
2026-03-25 14:22:29.552,Object_Spawned,Row:0|Col:0|ColT:0.75|ShaT:0.11
2026-03-25 14:22:29.558,Object_Spawned,Row:0|Col:1|ColT:0.59|ShaT:0.46
2026-03-25 14:22:29.558,Object_Spawned,Row:0|Col:2|ColT:0.22|ShaT:0.21
2026-03-25 14:22:29.558,Object_Spawned,Row:0|Col:3|ColT:0.09|ShaT:0.81
2026-03-25 14:22:29.558,Object_Spawned,Row:0|Col:4|ColT:0.33|ShaT:0.51
2026-03-25 14:22:29.558,Object_Spawned,Row:0|Col:5|ColT:0.42|ShaT:0.66
2026-03-25 14:22:29.558,Object_Spawned,Row:0|Col:6|ColT:0.80|ShaT:0.96
2026-03-25 14:22:29.558,Object_Spawned,Row:1|Col:0|ColT:0.78|ShaT:0.97
2026-03-25 14:22:29.558,Object_Spawned,Row:1|Col:1|ColT:0.99|ShaT:0.40
2026-03-25 14:22:29.558,Object_Spawned,Row:1|Col:2|ColT:0.09|ShaT:0.45
2026-03-25 14:22:29.558,Object_Spawned,Row:1|Col:3|ColT:0.28|ShaT:0.27
2026-03-25 14:22:29.559,Object_Spawned,Row:1|Col:4|ColT:0.90|ShaT:0.32
2026-03-25 14:22:29.559,Object_Spawned,Row:1|Col:5|ColT:0.62|ShaT:0.07
2026-03-25 14:22:29.559,Object_Spawned,Row:1|Col:6|ColT:0.10|ShaT:0.08
2026-03-25 14:22:29.559,Object_Spawned,Row:2|Col:0|ColT:0.88|ShaT:0.42
2026-03-25 14:22:29.559,Object_Spawned,Row:2|Col:1|ColT:0.41|ShaT:0.07
2026-03-25 14:22:29.559,Object_Spawned,Row:2|Col:2|ColT:0.38|ShaT:0.68
2026-03-25 14:22:29.559,Object_Spawned,Row:2|Col:3|ColT:0.92|ShaT:0.94
2026-03-25 14:22:29.559,Object_Spawned,Row:2|Col:4|ColT:0.88|ShaT:0.85
2026-03-25 14:22:29.559,Object_Spawned,Row:2|Col:5|ColT:0.79|ShaT:0.12
2026-03-25 14:22:29.559,Object_Spawned,Row:2|Col:6|ColT:0.50|ShaT:0.09
2026-03-25 14:22:29.559,Object_Spawned,Row:3|Col:0|ColT:0.14|ShaT:0.32
2026-03-25 14:22:29.559,Object_Spawned,Row:3|Col:1|ColT:0.46|ShaT:0.83
2026-03-25 14:22:29.560,Object_Spawned,Row:3|Col:2|ColT:0.11|ShaT:0.80
2026-03-25 14:22:29.560,Object_Spawned,Row:3|Col:3|ColT:0.35|ShaT:0.73
2026-03-25 14:22:29.560,Object_Spawned,Row:3|Col:4|ColT:0.78|ShaT:0.27
2026-03-25 14:22:29.560,Object_Spawned,Row:3|Col:5|ColT:0.81|ShaT:0.57
2026-03-25 14:22:29.560,Object_Spawned,Row:3|Col:6|ColT:0.06|ShaT:0.23
2026-03-25 14:22:29.560,Object_Spawned,Row:4|Col:0|ColT:0.75|ShaT:0.42
2026-03-25 14:22:29.560,Object_Spawned,Row:4|Col:1|ColT:0.75|ShaT:0.73
2026-03-25 14:22:29.560,Object_Spawned,Row:4|Col:2|ColT:0.35|ShaT:0.13
2026-03-25 14:22:29.560,Object_Spawned,Row:4|Col:3|ColT:0.93|ShaT:0.05
2026-03-25 14:22:29.560,Object_Spawned,Row:4|Col:4|ColT:0.68|ShaT:0.79
2026-03-25 14:22:29.560,Object_Spawned,Row:4|Col:5|ColT:0.22|ShaT:0.84
2026-03-25 14:22:29.561,Object_Spawned,Row:4|Col:6|ColT:0.16|ShaT:0.93
2026-03-25 14:22:29.561,Object_Spawned,Row:5|Col:0|ColT:0.68|ShaT:0.83
2026-03-25 14:22:29.561,Object_Spawned,Row:5|Col:1|ColT:0.72|ShaT:0.56
2026-03-25 14:22:29.561,Object_Spawned,Row:5|Col:2|ColT:0.46|ShaT:0.19
2026-03-25 14:22:29.561,Object_Spawned,Row:5|Col:3|ColT:0.86|ShaT:0.45
2026-03-25 14:22:29.561,Object_Spawned,Row:5|Col:4|ColT:0.16|ShaT:0.53
2026-03-25 14:22:29.561,Object_Spawned,Row:5|Col:5|ColT:0.13|ShaT:0.14
2026-03-25 14:22:29.561,Object_Spawned,Row:5|Col:6|ColT:0.77|ShaT:0.36
2026-03-25 14:22:29.561,Object_Spawned,Row:6|Col:0|ColT:0.29|ShaT:0.60
2026-03-25 14:22:29.561,Object_Spawned,Row:6|Col:1|ColT:0.30|ShaT:0.50
2026-03-25 14:22:29.561,Object_Spawned,Row:6|Col:2|ColT:0.58|ShaT:0.41
2026-03-25 14:22:29.562,Object_Spawned,Row:6|Col:3|ColT:0.44|ShaT:0.31
2026-03-25 14:22:29.562,Object_Spawned,Row:6|Col:4|ColT:0.98|ShaT:0.49
2026-03-25 14:22:29.562,Object_Spawned,Row:6|Col:5|ColT:1.00|ShaT:0.43
2026-03-25 14:22:29.562,Object_Spawned,Row:6|Col:6|ColT:0.11|ShaT:0.57
2026-03-25 15:18:31.481,Object_Spawned,Row:0|Col:0|ColT:0.16|ShaT:0.73
2026-03-25 15:18:31.486,Object_Spawned,Row:0|Col:1|ColT:0.72|ShaT:0.83
2026-03-25 15:18:31.487,Object_Spawned,Row:0|Col:2|ColT:0.29|ShaT:0.24
2026-03-25 15:18:31.487,Object_Spawned,Row:0|Col:3|ColT:0.06|ShaT:0.90
2026-03-25 15:18:31.487,Object_Spawned,Row:0|Col:4|ColT:0.96|ShaT:0.15
2026-03-25 15:18:31.487,Object_Spawned,Row:0|Col:5|ColT:0.21|ShaT:0.94
2026-03-25 15:18:31.487,Object_Spawned,Row:0|Col:6|ColT:0.07|ShaT:0.49
2026-03-25 15:18:31.487,Object_Spawned,Row:1|Col:0|ColT:0.95|ShaT:0.91
2026-03-25 15:18:31.487,Object_Spawned,Row:1|Col:1|ColT:0.60|ShaT:0.47
2026-03-25 15:18:31.487,Object_Spawned,Row:1|Col:2|ColT:0.26|ShaT:0.07
2026-03-25 15:18:31.487,Object_Spawned,Row:1|Col:3|ColT:0.90|ShaT:0.22
2026-03-25 15:18:31.487,Object_Spawned,Row:1|Col:4|ColT:0.52|ShaT:0.70
2026-03-25 15:18:31.487,Object_Spawned,Row:1|Col:5|ColT:0.12|ShaT:0.58
2026-03-25 15:18:31.487,Object_Spawned,Row:1|Col:6|ColT:0.22|ShaT:0.16
2026-03-25 15:18:31.488,Object_Spawned,Row:2|Col:0|ColT:0.10|ShaT:0.27
2026-03-25 15:18:31.488,Object_Spawned,Row:2|Col:1|ColT:0.72|ShaT:0.02
2026-03-25 15:18:31.488,Object_Spawned,Row:2|Col:2|ColT:0.38|ShaT:0.67
2026-03-25 15:18:31.488,Object_Spawned,Row:2|Col:3|ColT:0.81|ShaT:0.75
2026-03-25 15:18:31.488,Object_Spawned,Row:2|Col:4|ColT:0.52|ShaT:0.78
2026-03-25 15:18:31.488,Object_Spawned,Row:2|Col:5|ColT:0.71|ShaT:0.73
2026-03-25 15:18:31.488,Object_Spawned,Row:2|Col:6|ColT:0.20|ShaT:0.58
2026-03-25 15:18:31.488,Object_Spawned,Row:3|Col:0|ColT:0.13|ShaT:0.41
2026-03-25 15:18:31.488,Object_Spawned,Row:3|Col:1|ColT:0.58|ShaT:0.55
2026-03-25 15:18:31.488,Object_Spawned,Row:3|Col:2|ColT:0.95|ShaT:0.32
2026-03-25 15:18:31.488,Object_Spawned,Row:3|Col:3|ColT:0.42|ShaT:0.53
2026-03-25 15:18:31.488,Object_Spawned,Row:3|Col:4|ColT:0.93|ShaT:0.17
2026-03-25 15:18:31.488,Object_Spawned,Row:3|Col:5|ColT:0.12|ShaT:0.93
2026-03-25 15:18:31.489,Object_Spawned,Row:3|Col:6|ColT:0.27|ShaT:0.42
2026-03-25 15:18:31.489,Object_Spawned,Row:4|Col:0|ColT:0.13|ShaT:0.58
2026-03-25 15:18:31.489,Object_Spawned,Row:4|Col:1|ColT:0.01|ShaT:0.63
2026-03-25 15:18:31.489,Object_Spawned,Row:4|Col:2|ColT:0.91|ShaT:0.68
2026-03-25 15:18:31.489,Object_Spawned,Row:4|Col:3|ColT:0.96|ShaT:0.95
2026-03-25 15:18:31.489,Object_Spawned,Row:4|Col:4|ColT:0.46|ShaT:0.75
2026-03-25 15:18:31.489,Object_Spawned,Row:4|Col:5|ColT:0.70|ShaT:0.64
2026-03-25 15:18:31.489,Object_Spawned,Row:4|Col:6|ColT:0.77|ShaT:0.73
2026-03-25 15:18:31.489,Object_Spawned,Row:5|Col:0|ColT:0.23|ShaT:0.86
2026-03-25 15:18:31.489,Object_Spawned,Row:5|Col:1|ColT:0.02|ShaT:0.44
2026-03-25 15:18:31.489,Object_Spawned,Row:5|Col:2|ColT:0.17|ShaT:0.59
2026-03-25 15:18:31.489,Object_Spawned,Row:5|Col:3|ColT:0.12|ShaT:0.45
2026-03-25 15:18:31.489,Object_Spawned,Row:5|Col:4|ColT:0.88|ShaT:0.11
2026-03-25 15:18:31.490,Object_Spawned,Row:5|Col:5|ColT:0.64|ShaT:0.36
2026-03-25 15:18:31.490,Object_Spawned,Row:5|Col:6|ColT:0.98|ShaT:0.77
2026-03-25 15:18:31.490,Object_Spawned,Row:6|Col:0|ColT:0.46|ShaT:0.60
2026-03-25 15:18:31.490,Object_Spawned,Row:6|Col:1|ColT:0.00|ShaT:0.28
2026-03-25 15:18:31.490,Object_Spawned,Row:6|Col:2|ColT:0.26|ShaT:0.49
2026-03-25 15:18:31.490,Object_Spawned,Row:6|Col:3|ColT:0.74|ShaT:0.23
2026-03-25 15:18:31.490,Object_Spawned,Row:6|Col:4|ColT:0.77|ShaT:0.69
2026-03-25 15:18:31.490,Object_Spawned,Row:6|Col:5|ColT:0.27|ShaT:0.23
2026-03-25 15:18:31.490,Object_Spawned,Row:6|Col:6|ColT:0.63|ShaT:0.76
2026-03-25 15:18:42.894,Manual_Test,Keyboard_Input
2026-03-25 15:18:46.053,Manual_Test,Keyboard_Input
2026-03-25 15:18:55.581,Manual_Test,Keyboard_Input
2026-03-25 15:18:57.581,Object_Harvested,Row:3|Col:4|ColT:0.93|ShaT:0.17
2026-03-25 15:20:41.255,Object_Spawned,Row:0|Col:0|ColT:0.40|ShaT:0.11
2026-03-25 15:20:41.261,Object_Spawned,Row:0|Col:1|ColT:0.70|ShaT:0.79
2026-03-25 15:20:41.261,Object_Spawned,Row:0|Col:2|ColT:0.99|ShaT:0.46
2026-03-25 15:20:41.261,Object_Spawned,Row:0|Col:3|ColT:0.00|ShaT:0.03
2026-03-25 15:20:41.261,Object_Spawned,Row:0|Col:4|ColT:0.09|ShaT:0.27
2026-03-25 15:20:41.261,Object_Spawned,Row:0|Col:5|ColT:0.42|ShaT:0.71
2026-03-25 15:20:41.262,Object_Spawned,Row:0|Col:6|ColT:0.17|ShaT:0.60
2026-03-25 15:20:41.262,Object_Spawned,Row:1|Col:0|ColT:0.68|ShaT:0.76
2026-03-25 15:20:41.262,Object_Spawned,Row:1|Col:1|ColT:0.16|ShaT:0.16
2026-03-25 15:20:41.262,Object_Spawned,Row:1|Col:2|ColT:0.73|ShaT:0.58
2026-03-25 15:20:41.262,Object_Spawned,Row:1|Col:3|ColT:0.98|ShaT:0.31
2026-03-25 15:20:41.262,Object_Spawned,Row:1|Col:4|ColT:0.36|ShaT:0.15
2026-03-25 15:20:41.262,Object_Spawned,Row:1|Col:5|ColT:0.09|ShaT:0.72
2026-03-25 15:20:41.262,Object_Spawned,Row:1|Col:6|ColT:0.20|ShaT:0.47
2026-03-25 15:20:41.262,Object_Spawned,Row:2|Col:0|ColT:0.61|ShaT:0.89
2026-03-25 15:20:41.262,Object_Spawned,Row:2|Col:1|ColT:0.69|ShaT:0.69
2026-03-25 15:20:41.262,Object_Spawned,Row:2|Col:2|ColT:0.84|ShaT:0.27
2026-03-25 15:20:41.263,Object_Spawned,Row:2|Col:3|ColT:0.60|ShaT:0.92
2026-03-25 15:20:41.263,Object_Spawned,Row:2|Col:4|ColT:0.88|ShaT:0.13
2026-03-25 15:20:41.263,Object_Spawned,Row:2|Col:5|ColT:0.79|ShaT:0.14
2026-03-25 15:20:41.263,Object_Spawned,Row:2|Col:6|ColT:0.75|ShaT:0.49
2026-03-25 15:20:41.263,Object_Spawned,Row:3|Col:0|ColT:0.94|ShaT:0.36
2026-03-25 15:20:41.263,Object_Spawned,Row:3|Col:1|ColT:0.45|ShaT:0.13
2026-03-25 15:20:41.263,Object_Spawned,Row:3|Col:2|ColT:0.98|ShaT:0.52
2026-03-25 15:20:41.263,Object_Spawned,Row:3|Col:3|ColT:0.38|ShaT:0.74
2026-03-25 15:20:41.263,Object_Spawned,Row:3|Col:4|ColT:0.16|ShaT:0.65
2026-03-25 15:20:41.263,Object_Spawned,Row:3|Col:5|ColT:0.72|ShaT:0.06
2026-03-25 15:20:41.263,Object_Spawned,Row:3|Col:6|ColT:0.58|ShaT:0.33
2026-03-25 15:20:41.263,Object_Spawned,Row:4|Col:0|ColT:0.06|ShaT:0.49
2026-03-25 15:20:41.263,Object_Spawned,Row:4|Col:1|ColT:0.27|ShaT:0.08
2026-03-25 15:20:41.264,Object_Spawned,Row:4|Col:2|ColT:0.33|ShaT:0.14
2026-03-25 15:20:41.264,Object_Spawned,Row:4|Col:3|ColT:0.32|ShaT:0.51
2026-03-25 15:20:41.264,Object_Spawned,Row:4|Col:4|ColT:0.54|ShaT:0.21
2026-03-25 15:20:41.264,Object_Spawned,Row:4|Col:5|ColT:0.51|ShaT:0.87
2026-03-25 15:20:41.264,Object_Spawned,Row:4|Col:6|ColT:0.42|ShaT:0.92
2026-03-25 15:20:41.264,Object_Spawned,Row:5|Col:0|ColT:0.98|ShaT:0.29
2026-03-25 15:20:41.264,Object_Spawned,Row:5|Col:1|ColT:0.43|ShaT:0.06
2026-03-25 15:20:41.264,Object_Spawned,Row:5|Col:2|ColT:0.86|ShaT:0.56
2026-03-25 15:20:41.264,Object_Spawned,Row:5|Col:3|ColT:0.70|ShaT:0.38
2026-03-25 15:20:41.264,Object_Spawned,Row:5|Col:4|ColT:0.74|ShaT:0.07
2026-03-25 15:20:41.264,Object_Spawned,Row:5|Col:5|ColT:0.46|ShaT:0.94
2026-03-25 15:20:41.264,Object_Spawned,Row:5|Col:6|ColT:0.57|ShaT:0.44
2026-03-25 15:20:41.264,Object_Spawned,Row:6|Col:0|ColT:0.79|ShaT:0.87
2026-03-25 15:20:41.265,Object_Spawned,Row:6|Col:1|ColT:0.48|ShaT:0.57
2026-03-25 15:20:41.265,Object_Spawned,Row:6|Col:2|ColT:0.06|ShaT:0.26
2026-03-25 15:20:41.265,Object_Spawned,Row:6|Col:3|ColT:0.82|ShaT:0.33
2026-03-25 15:20:41.265,Object_Spawned,Row:6|Col:4|ColT:0.68|ShaT:0.37
2026-03-25 15:20:41.265,Object_Spawned,Row:6|Col:5|ColT:0.10|ShaT:0.30
2026-03-25 15:20:41.265,Object_Spawned,Row:6|Col:6|ColT:0.04|ShaT:0.89
2026-03-25 15:20:48.099,Manual_Test,Keyboard_Input
2026-03-25 15:20:50.764,Manual_Test,Keyboard_Input
2026-03-25 15:20:53.501,Manual_Test,Keyboard_Input
2026-03-25 15:20:55.958,Manual_Test,Keyboard_Input
2026-03-25 15:20:57.971,Object_Harvested,Row:3|Col:3|ColT:0.38|ShaT:0.74
2026-03-25 15:21:01.013,Manual_Test,Keyboard_Input
2026-03-25 15:21:03.014,Object_Harvested,Row:3|Col:2|ColT:0.98|ShaT:0.52
2026-03-25 15:21:05.853,Manual_Test,Keyboard_Input
2026-03-25 15:21:07.854,Object_Harvested,Row:5|Col:3|ColT:0.70|ShaT:0.38
2026-03-25 15:21:15.820,Manual_Test,Keyboard_Input
2026-03-25 15:21:17.124,Manual_Test,Keyboard_Input
2026-03-25 15:21:30.435,Manual_Test,Keyboard_Input
2026-03-25 15:21:32.436,Object_Harvested,Row:2|Col:2|ColT:0.84|ShaT:0.27
2026-03-25 15:23:51.338,Object_Spawned,Row:0|Col:0|ColT:0.74|ShaT:0.78
2026-03-25 15:23:51.344,Object_Spawned,Row:0|Col:1|ColT:0.65|ShaT:0.78
2026-03-25 15:23:51.344,Object_Spawned,Row:0|Col:2|ColT:0.53|ShaT:0.52
2026-03-25 15:23:51.344,Object_Spawned,Row:0|Col:3|ColT:0.87|ShaT:0.15
2026-03-25 15:23:51.344,Object_Spawned,Row:0|Col:4|ColT:0.06|ShaT:0.75
2026-03-25 15:23:51.344,Object_Spawned,Row:0|Col:5|ColT:0.94|ShaT:0.78
2026-03-25 15:23:51.344,Object_Spawned,Row:0|Col:6|ColT:0.10|ShaT:0.03
2026-03-25 15:23:51.344,Object_Spawned,Row:1|Col:0|ColT:0.12|ShaT:0.20
2026-03-25 15:23:51.344,Object_Spawned,Row:1|Col:1|ColT:0.87|ShaT:0.91
2026-03-25 15:23:51.344,Object_Spawned,Row:1|Col:2|ColT:0.60|ShaT:0.81
2026-03-25 15:23:51.344,Object_Spawned,Row:1|Col:3|ColT:0.11|ShaT:0.52
2026-03-25 15:23:51.344,Object_Spawned,Row:1|Col:4|ColT:0.82|ShaT:0.77
2026-03-25 15:23:51.345,Object_Spawned,Row:1|Col:5|ColT:0.83|ShaT:0.15
2026-03-25 15:23:51.345,Object_Spawned,Row:1|Col:6|ColT:0.32|ShaT:0.01
2026-03-25 15:23:51.345,Object_Spawned,Row:2|Col:0|ColT:0.81|ShaT:0.71
2026-03-25 15:23:51.345,Object_Spawned,Row:2|Col:1|ColT:0.61|ShaT:0.74
2026-03-25 15:23:51.345,Object_Spawned,Row:2|Col:2|ColT:0.64|ShaT:0.94
2026-03-25 15:23:51.345,Object_Spawned,Row:2|Col:3|ColT:0.62|ShaT:0.53
2026-03-25 15:23:51.345,Object_Spawned,Row:2|Col:4|ColT:0.90|ShaT:0.35
2026-03-25 15:23:51.345,Object_Spawned,Row:2|Col:5|ColT:0.77|ShaT:0.32
2026-03-25 15:23:51.345,Object_Spawned,Row:2|Col:6|ColT:0.54|ShaT:0.62
2026-03-25 15:23:51.345,Object_Spawned,Row:3|Col:0|ColT:0.28|ShaT:0.30
2026-03-25 15:23:51.345,Object_Spawned,Row:3|Col:1|ColT:0.34|ShaT:0.19
2026-03-25 15:23:51.345,Object_Spawned,Row:3|Col:2|ColT:0.19|ShaT:0.55
2026-03-25 15:23:51.346,Object_Spawned,Row:3|Col:3|ColT:0.24|ShaT:0.99
2026-03-25 15:23:51.346,Object_Spawned,Row:3|Col:4|ColT:0.42|ShaT:0.07
2026-03-25 15:23:51.346,Object_Spawned,Row:3|Col:5|ColT:0.11|ShaT:0.49
2026-03-25 15:23:51.346,Object_Spawned,Row:3|Col:6|ColT:0.33|ShaT:0.23
2026-03-25 15:23:51.346,Object_Spawned,Row:4|Col:0|ColT:0.99|ShaT:0.50
2026-03-25 15:23:51.346,Object_Spawned,Row:4|Col:1|ColT:0.58|ShaT:0.41
2026-03-25 15:23:51.346,Object_Spawned,Row:4|Col:2|ColT:0.18|ShaT:0.42
2026-03-25 15:23:51.346,Object_Spawned,Row:4|Col:3|ColT:0.16|ShaT:0.76
2026-03-25 15:23:51.346,Object_Spawned,Row:4|Col:4|ColT:0.30|ShaT:0.92
2026-03-25 15:23:51.346,Object_Spawned,Row:4|Col:5|ColT:0.64|ShaT:0.52
2026-03-25 15:23:51.346,Object_Spawned,Row:4|Col:6|ColT:0.12|ShaT:0.07
2026-03-25 15:23:51.346,Object_Spawned,Row:5|Col:0|ColT:0.69|ShaT:0.49
2026-03-25 15:23:51.347,Object_Spawned,Row:5|Col:1|ColT:0.32|ShaT:0.19
2026-03-25 15:23:51.347,Object_Spawned,Row:5|Col:2|ColT:0.45|ShaT:0.75
2026-03-25 15:23:51.347,Object_Spawned,Row:5|Col:3|ColT:0.70|ShaT:0.20
2026-03-25 15:23:51.347,Object_Spawned,Row:5|Col:4|ColT:0.92|ShaT:0.83
2026-03-25 15:23:51.347,Object_Spawned,Row:5|Col:5|ColT:0.61|ShaT:0.17
2026-03-25 15:23:51.347,Object_Spawned,Row:5|Col:6|ColT:0.35|ShaT:0.19
2026-03-25 15:23:51.347,Object_Spawned,Row:6|Col:0|ColT:0.45|ShaT:0.70
2026-03-25 15:23:51.347,Object_Spawned,Row:6|Col:1|ColT:0.85|ShaT:0.89
2026-03-25 15:23:51.347,Object_Spawned,Row:6|Col:2|ColT:0.31|ShaT:0.70
2026-03-25 15:23:51.347,Object_Spawned,Row:6|Col:3|ColT:0.94|ShaT:0.37
2026-03-25 15:23:51.347,Object_Spawned,Row:6|Col:4|ColT:0.35|ShaT:0.41
2026-03-25 15:23:51.347,Object_Spawned,Row:6|Col:5|ColT:0.71|ShaT:0.69
2026-03-25 15:23:51.348,Object_Spawned,Row:6|Col:6|ColT:0.32|ShaT:0.80
2026-03-25 15:23:56.980,Manual_Test,Keyboard_Input
2026-03-25 15:23:59.683,Manual_Test,Keyboard_Input
2026-03-25 15:24:01.155,Manual_Test,Keyboard_Input
2026-03-25 15:24:03.218,Object_Harvested,Row:3|Col:4|ColT:0.42|ShaT:0.07
2026-03-25 15:24:06.042,Manual_Test,Keyboard_Input
2026-03-25 15:24:10.043,Object_Harvested,Row:3|Col:5|ColT:0.11|ShaT:0.49
2026-03-25 15:24:13.370,Manual_Test,Keyboard_Input
2026-03-25 15:24:17.371,Object_Harvested,Row:1|Col:3|ColT:0.11|ShaT:0.52
2026-03-25 15:37:12.254,Manual_Test,Keyboard_Input
2026-03-25 15:37:16.254,Object_Harvested,Shape:0.28|Color:0.51
2026-03-25 15:39:47.188,Manual_Test,Keyboard_Input
2026-03-25 15:39:51.189,Object_Harvested,Shape:0.23|Color:0.70
2026-03-25 15:39:53.468,Manual_Test,Keyboard_Input
2026-03-25 15:39:57.469,Object_Harvested,Shape:0.88|Color:0.71
2026-03-25 15:48:51.969,Manual_Test,Keyboard_Input
2026-03-25 15:48:55.970,Object_Harvested,Shape:0.86|Color:0.72
2026-03-25 15:48:57.968,Manual_Test,Keyboard_Input
2026-03-25 15:52:05.831,Manual_Test,Keyboard_Input
2026-03-25 15:52:09.832,Object_Harvested,Height:0.84|Color:0.91
2026-03-25 15:58:21.660,Manual_Test,Keyboard_Input
2026-03-25 15:58:25.661,Object_Harvested,Height:0.47|Color:0.94
2026-03-25 15:58:28.003,Manual_Test,Keyboard_Input
2026-03-25 15:58:32.004,Object_Harvested,Height:0.64|Color:0.65
2026-03-25 15:58:36.195,Manual_Test,Keyboard_Input
2026-03-25 15:58:38.308,Manual_Test,Keyboard_Input
2026-03-25 15:58:39.075,Manual_Test,Keyboard_Input
2026-03-25 15:58:40.643,Manual_Test,Keyboard_Input
2026-03-25 15:58:42.555,Manual_Test,Keyboard_Input
2026-03-25 15:58:43.023,Object_Harvested,Height:0.80|Color:0.35
2026-03-25 16:00:47.666,Manual_Test,Keyboard_Input
2026-03-25 16:00:51.666,Object_Harvested,H:0.94_C:0.36
2026-03-25 16:00:53.916,Manual_Test,Keyboard_Input
2026-03-25 16:00:55.810,Manual_Test,Keyboard_Input
2026-03-25 16:00:59.811,Object_Harvested,H:0.18_C:0.86
2026-03-25 16:01:01.587,Manual_Test,Keyboard_Input
2026-03-25 17:39:02.464,Manual_Test,Keyboard_Input
2026-03-25 17:39:04.791,Manual_Test,Keyboard_Input
2026-03-25 17:39:07.975,Manual_Test,Keyboard_Input
2026-03-25 17:39:11.976,Object_Harvested,H:0.46_C:0.44
2026-03-26 10:51:55.483,Manual_Test,Keyboard_Input
2026-03-26 10:51:58.483,Object_Harvested,H:0.98_C:0.87
2026-03-26 10:52:01.922,Manual_Test,Keyboard_Input
2026-03-26 10:52:04.924,Object_Harvested,H:0.78_C:0.91
2026-03-26 11:13:20.962,Manual_Test,Keyboard_Input
2026-03-26 11:13:27.360,Manual_Test,Keyboard_Input
2026-03-26 11:13:53.121,Manual_Test,Keyboard_Input
2026-03-26 11:19:42.263,Manual_Test,Keyboard_Input
2026-03-26 11:19:48.982,Manual_Test,Keyboard_Input
2026-03-26 11:19:55.069,Manual_Test,Keyboard_Input
2026-03-26 11:19:59.294,Manual_Test,Keyboard_Input
2026-03-26 11:20:04.101,Manual_Test,Keyboard_Input
2026-03-26 11:20:08.669,Manual_Test,Keyboard_Input
2026-03-26 11:20:12.861,Manual_Test,Keyboard_Input
2026-03-26 11:20:45.237,Manual_Test,Keyboard_Input
2026-03-26 11:23:31.765,Manual_Test,Keyboard_Input
2026-03-26 11:23:37.075,Manual_Test,Keyboard_Input
2026-03-26 11:23:41.484,Manual_Test,Keyboard_Input
2026-03-26 11:23:46.628,Manual_Test,Keyboard_Input
2026-03-26 11:25:56.971,Manual_Test,Keyboard_Input
2026-03-26 11:26:01.035,Manual_Test,Keyboard_Input
2026-03-26 11:26:04.906,Manual_Test,Keyboard_Input
2026-03-26 11:26:05.659,Manual_Test,Keyboard_Input
2026-03-26 11:26:07.858,Manual_Test,Keyboard_Input
2026-03-26 11:26:08.338,Manual_Test,Keyboard_Input
2026-03-26 11:26:13.323,Manual_Test,Keyboard_Input
2026-03-26 11:26:22.602,Manual_Test,Keyboard_Input
2026-03-26 11:28:15.074,Manual_Test,Keyboard_Input
2026-03-26 11:28:22.202,Manual_Test,Keyboard_Input
2026-03-26 11:28:27.073,Manual_Test,Keyboard_Input
2026-03-26 11:28:52.971,Manual_Test,Keyboard_Input
2026-03-26 11:28:58.354,Manual_Test,Keyboard_Input
2026-03-26 11:29:34.097,Manual_Test,Keyboard_Input
2026-03-26 11:29:38.130,Manual_Test,Keyboard_Input
2026-03-26 11:29:44.922,Manual_Test,Keyboard_Input
2026-03-26 11:29:49.154,Manual_Test,Keyboard_Input
2026-03-26 11:29:52.761,Manual_Test,Keyboard_Input
2026-03-26 11:29:53.873,Manual_Test,Keyboard_Input
2026-03-26 11:31:36.553,Manual_Test,Keyboard_Input
2026-03-26 11:31:40.465,Manual_Test,Keyboard_Input
2026-03-26 11:31:45.079,Manual_Test,Keyboard_Input
2026-03-26 11:31:50.888,Manual_Test,Keyboard_Input
2026-03-26 11:32:34.944,Manual_Test,Keyboard_Input
2026-03-26 11:32:38.704,Manual_Test,Keyboard_Input
2026-03-26 11:33:16.495,Manual_Test,Keyboard_Input
2026-03-26 11:33:20.856,Manual_Test,Keyboard_Input
2026-03-26 11:33:26.143,Manual_Test,Keyboard_Input
2026-03-26 11:36:35.431,Manual_Test,Keyboard_Input
2026-03-26 11:36:43.998,Manual_Test,Keyboard_Input
2026-03-26 11:36:57.334,Manual_Test,Keyboard_Input
2026-03-26 11:36:59.141,Manual_Test,Keyboard_Input
2026-03-26 11:37:00.110,Manual_Test,Keyboard_Input
2026-03-26 11:37:06.598,Manual_Test,Keyboard_Input
2026-03-26 11:37:11.814,Manual_Test,Keyboard_Input
2026-03-26 11:37:12.934,Manual_Test,Keyboard_Input
2026-03-26 11:45:49.138,Manual_Test,Keyboard_Input
2026-03-26 11:45:50.841,Manual_Test,Keyboard_Input
2026-03-26 11:45:52.226,Manual_Test,Keyboard_Input
2026-03-26 11:45:54.809,Manual_Test,Keyboard_Input
2026-03-26 11:45:58.241,Manual_Test,Keyboard_Input
2026-03-26 11:46:05.233,Manual_Test,Keyboard_Input
2026-03-26 11:46:06.170,Manual_Test,Keyboard_Input
2026-03-26 11:46:12.545,Manual_Test,Keyboard_Input
2026-03-26 11:48:31.264,Manual_Test,Keyboard_Input
2026-03-26 11:48:32.793,Manual_Test,Keyboard_Input
2026-03-26 11:48:36.537,Manual_Test,Keyboard_Input
2026-03-26 11:48:37.641,Manual_Test,Keyboard_Input
2026-03-26 11:49:03.377,Manual_Test,Keyboard_Input
2026-03-26 11:49:04.457,Manual_Test,Keyboard_Input
2026-03-26 11:56:10.117,Manual_Test,Keyboard_Input
2026-03-26 11:56:48.733,Manual_Test,Keyboard_Input
2026-03-26 11:56:53.685,Manual_Test,Keyboard_Input
2026-03-26 11:58:57.508,Manual_Test,Keyboard_Input
2026-03-26 11:59:02.988,Manual_Test,Keyboard_Input
2026-03-26 11:59:08.579,Manual_Test,Keyboard_Input
2026-03-26 12:03:10.514,Manual_Test,Keyboard_Input
2026-03-26 12:05:43.032,Manual_Test,Keyboard_Input
2026-03-26 12:05:46.825,Manual_Test,Keyboard_Input
2026-03-26 12:06:24.520,Manual_Test,Keyboard_Input
2026-03-26 12:06:32.767,Manual_Test,Keyboard_Input
2026-03-26 12:06:41.023,Manual_Test,Keyboard_Input
2026-03-26 12:11:23.166,Manual_Test,Keyboard_Input
2026-03-26 12:11:29.422,Manual_Test,Keyboard_Input
2026-03-26 12:13:34.182,Manual_Test,Keyboard_Input
2026-03-26 12:13:40.844,Manual_Test,Keyboard_Input
2026-03-26 12:13:47.268,Manual_Test,Keyboard_Input
2026-03-26 12:13:54.805,Manual_Test,Keyboard_Input
2026-03-26 12:13:59.396,Manual_Test,Keyboard_Input
2026-03-26 12:19:28.035,Manual_Test,Keyboard_Input
2026-03-26 12:19:33.434,Manual_Test,Keyboard_Input
2026-03-26 12:19:39.459,Manual_Test,Keyboard_Input
2026-03-26 12:19:50.482,Manual_Test,Keyboard_Input
2026-03-26 12:22:07.425,Manual_Test,Keyboard_Input
2026-03-26 12:22:47.401,Manual_Test,Keyboard_Input
2026-03-26 12:22:53.537,Manual_Test,Keyboard_Input
2026-03-26 12:23:23.905,Manual_Test,Keyboard_Input
2026-03-26 12:26:38.016,Manual_Test,Keyboard_Input
2026-03-26 12:27:58.614,Manual_Test,Keyboard_Input
2026-03-26 12:27:59.655,Manual_Test,Keyboard_Input
2026-03-26 12:35:32.717,Manual_Test,Keyboard_Input
2026-03-26 12:36:06.579,Manual_Test,Keyboard_Input
